<?xml version="1.0" encoding="UTF-8"?>
<beans xmlns="http://www.springframework.org/schema/beans"
	xmlns:xsi="http://www.w3.org/2001/XMLSchema-instance" 
	xmlns:p="http://www.springframework.org/schema/p"
	xmlns:context="http://www.springframework.org/schema/context"
	xmlns:aop="http://www.springframework.org/schema/aop" 
	xmlns:tx="http://www.springframework.org/schema/tx"
	xmlns:dubbo="http://code.alibabatech.com/schema/dubbo"
	xmlns:apollo="http://www.ctrip.com/schema/apollo"
	xsi:schemaLocation="
		http://www.springframework.org/schema/beans http://www.springframework.org/schema/beans/spring-beans-3.0.xsd
		http://www.springframework.org/schema/context http://www.springframework.org/schema/context/spring-context-3.0.xsd
		http://www.springframework.org/schema/tx http://www.springframework.org/schema/tx/spring-tx-3.0.xsd
		http://www.springframework.org/schema/aop http://www.springframework.org/schema/aop/spring-aop-3.0.xsd
		http://code.alibabatech.com/schema/dubbo http://code.alibabatech.com/schema/dubbo/dubbo.xsd 
		http://www.ctrip.com/schema/apollo http://www.ctrip.com/schema/apollo.xsd">

	<apollo:config/> 
	<!-- 导入属性文件 -->
	<!-- <context:property-placeholder location="classpath:config.properties"/> -->
	<context:component-scan base-package="com.od.dubbotest"/>
	<dubbo:annotation package="com.od.dubbotest" />
	
    <!-- 提供方应用信息，用于计算依赖关系 -->  
    <dubbo:application name="dubbo-demo-service"  />  
   
    <!-- 使用zookeeper注册中心暴露服务地址 -->  
    <dubbo:registry address="${dubbo.registry}" />   
    
    <!-- 用dubbo协议在20880端口暴露服务 -->  
    <dubbo:protocol name="dubbo" port="${dubbo.port}" />  
   
    <!-- 声明需要暴露的服务接口 -->  
    <dubbo:service interface="com.od.dubbotest.api.HelloService" ref="helloServiceImpl" />
    
</beans>
