{"annotations":{"list":[{"builtIn":1,"datasource":"-- Grafana --","enable":true,"hide":true,"iconColor":"rgba(0, 211, 255, 1)","name":"Annotations & Alerts","type":"dashboard"}]},"description":"Prometheus Blackbox Exporter Overview","editable":true,"gnetId":7587,"graphTooltip":0,"id":17,"iteration":1571709830736,"links":[],"panels":[{"aliasColors":{},"bars":false,"dashLength":10,"dashes":false,"datasource":"Prometheus","fill":1,"gridPos":{"h":8,"w":24,"x":0,"y":0},"id":138,"legend":{"avg":false,"current":false,"max":false,"min":false,"show":true,"total":false,"values":false},"lines":true,"linewidth":1,"links":[],"nullPointMode":"null","percentage":false,"pointradius":5,"points":false,"renderer":"flot","seriesOverrides":[],"spaceLength":10,"stack":false,"steppedLine":false,"targets":[{"expr":"probe_duration_seconds{instance=~\"$target\"}","format":"time_series","interval":"$interval","intervalFactor":1,"legendFormat":"","refId":"A"}],"thresholds":[],"timeFrom":null,"timeRegions":[],"timeShift":null,"title":"Global Probe Duration","tooltip":{"shared":true,"sort":1,"value_type":"individual"},"type":"graph","xaxis":{"buckets":null,"mode":"time","name":null,"show":true,"values":[]},"yaxes":[{"format":"s","label":null,"logBase":1,"max":null,"min":null,"show":true},{"format":"short","label":null,"logBase":1,"max":null,"min":null,"show":true}],"yaxis":{"align":false,"alignLevel":null}},{"collapsed":false,"gridPos":{"h":1,"w":24,"x":0,"y":8},"id":15,"panels":[],"repeat":"target","scopedVars":{"target":{"selected":false,"text":"172.7.22.11:20880","value":"172.7.22.11:20880"}},"title":"$target status","type":"row"},{"cacheTimeout":null,"colorBackground":true,"colorValue":false,"colors":["#d44a3a","rgba(237, 129, 40, 0.89)","#299c46"],"datasource":"Prometheus","format":"none","gauge":{"maxValue":100,"minValue":0,"show":false,"thresholdLabels":false,"thresholdMarkers":true},"gridPos":{"h":2,"w":4,"x":0,"y":9},"id":2,"interval":null,"links":[],"mappingType":1,"mappingTypes":[{"name":"value to text","value":1},{"name":"range to text","value":2}],"maxDataPoints":100,"minSpan":3,"nullPointMode":"connected","nullText":null,"postfix":"","postfixFontSize":"50%","prefix":"","prefixFontSize":"50%","rangeMaps":[{"from":"null","text":"N/A","to":"null"}],"repeat":null,"repeatDirection":"v","scopedVars":{"target":{"selected":false,"text":"172.7.22.11:20880","value":"172.7.22.11:20880"}},"sparkline":{"fillColor":"rgba(31, 118, 189, 0.18)","full":false,"lineColor":"rgb(31, 120, 193)","show":false},"tableColumn":"","targets":[{"expr":"probe_success{instance=~\"$target\"}","format":"time_series","interval":"$interval","intervalFactor":1,"refId":"A"}],"thresholds":"1,1","title":"Status","type":"singlestat","valueFontSize":"80%","valueMaps":[{"op":"=","text":"N/A","value":"null"},{"op":"=","text":"UP","value":"1"},{"op":"=","text":"DOWN","value":"0"}],"valueName":"current"},{"aliasColors":{},"bars":false,"dashLength":10,"dashes":false,"datasource":"Prometheus","fill":1,"gridPos":{"h":6,"w":10,"x":4,"y":9},"id":25,"legend":{"avg":false,"current":false,"max":false,"min":false,"show":true,"total":false,"values":false},"lines":true,"linewidth":1,"links":[],"nullPointMode":"null","percentage":false,"pointradius":5,"points":false,"renderer":"flot","scopedVars":{"target":{"selected":false,"text":"172.7.22.11:20880","value":"172.7.22.11:20880"}},"seriesOverrides":[],"spaceLength":10,"stack":false,"steppedLine":false,"targets":[{"expr":"probe_http_duration_seconds{instance=~\"$target\"}","format":"time_series","interval":"$interval","intervalFactor":1,"legendFormat":"","refId":"B"}],"thresholds":[],"timeFrom":null,"timeRegions":[],"timeShift":null,"title":"HTTP Duration","tooltip":{"shared":true,"sort":0,"value_type":"individual"},"type":"graph","xaxis":{"buckets":null,"mode":"time","name":null,"show":true,"values":[]},"yaxes":[{"format":"s","label":null,"logBase":1,"max":null,"min":null,"show":true},{"format":"short","label":null,"logBase":1,"max":null,"min":null,"show":true}],"yaxis":{"align":false,"alignLevel":null}},{"aliasColors":{},"bars":false,"dashLength":10,"dashes":false,"datasource":"Prometheus","fill":1,"gridPos":{"h":6,"w":10,"x":14,"y":9},"id":17,"legend":{"avg":false,"current":false,"max":false,"min":false,"show":true,"total":false,"values":false},"lines":true,"linewidth":1,"links":[],"nullPointMode":"null","percentage":false,"pointradius":5,"points":false,"renderer":"flot","repeat":null,"scopedVars":{"target":{"selected":false,"text":"172.7.22.11:20880","value":"172.7.22.11:20880"}},"seriesOverrides":[],"spaceLength":10,"stack":false,"steppedLine":false,"targets":[{"expr":"probe_duration_seconds{instance=~\"$target\"}","format":"time_series","interval":"$interval","intervalFactor":1,"legendFormat":"seconds","refId":"A"}],"thresholds":[],"timeFrom":null,"timeRegions":[],"timeShift":null,"title":"Probe Duration","tooltip":{"shared":true,"sort":0,"value_type":"individual"},"type":"graph","xaxis":{"buckets":null,"mode":"time","name":null,"show":true,"values":[]},"yaxes":[{"format":"s","label":null,"logBase":1,"max":null,"min":null,"show":true},{"format":"short","label":null,"logBase":1,"max":null,"min":null,"show":true}],"yaxis":{"align":false,"alignLevel":null}},{"cacheTimeout":null,"colorBackground":false,"colorValue":false,"colors":["#299c46","rgba(237, 129, 40, 0.89)","#d44a3a"],"datasource":"Prometheus","decimals":0,"format":"none","gauge":{"maxValue":100,"minValue":0,"show":false,"thresholdLabels":false,"thresholdMarkers":true},"gridPos":{"h":2,"w":4,"x":0,"y":11},"id":20,"interval":null,"links":[],"mappingType":1,"mappingTypes":[{"name":"value to text","value":1},{"name":"range to text","value":2}],"maxDataPoints":100,"minSpan":3,"nullPointMode":"connected","nullText":null,"postfix":"","postfixFontSize":"50%","prefix":"","prefixFontSize":"50%","rangeMaps":[{"from":"null","text":"N/A","to":"null"}],"repeat":null,"repeatDirection":"h","scopedVars":{"target":{"selected":false,"text":"172.7.22.11:20880","value":"172.7.22.11:20880"}},"sparkline":{"fillColor":"rgba(31, 118, 189, 0.18)","full":false,"lineColor":"rgb(31, 120, 193)","show":false},"tableColumn":"","targets":[{"expr":"probe_http_status_code{instance=~\"$target\"}","format":"time_series","interval":"$interval","intervalFactor":1,"refId":"A"}],"thresholds":"201, 399","title":"HTTP Status Code","transparent":false,"type":"singlestat","valueFontSize":"80%","valueMaps":[{"op":"=","text":"N/A","value":"null"},{"op":"=","text":"YES","value":"1"},{"op":"=","text":"N/A","value":"0"}],"valueName":"current"},{"cacheTimeout":null,"colorBackground":false,"colorValue":false,"colors":["#299c46","rgba(237, 129, 40, 0.89)","#d44a3a"],"datasource":"Prometheus","format":"none","gauge":{"maxValue":100,"minValue":0,"show":false,"thresholdLabels":false,"thresholdMarkers":true},"gridPos":{"h":2,"w":4,"x":0,"y":13},"id":27,"interval":null,"links":[],"mappingType":1,"mappingTypes":[{"name":"value to text","value":1},{"name":"range to text","value":2}],"maxDataPoints":100,"nullPointMode":"connected","nullText":null,"postfix":"","postfixFontSize":"50%","prefix":"","prefixFontSize":"50%","rangeMaps":[{"from":"null","text":"N/A","to":"null"}],"scopedVars":{"target":{"selected":false,"text":"172.7.22.11:20880","value":"172.7.22.11:20880"}},"sparkline":{"fillColor":"rgba(31, 118, 189, 0.18)","full":false,"lineColor":"rgb(31, 120, 193)","show":false},"tableColumn":"","targets":[{"expr":"probe_http_version{instance=~\"$target\"}","format":"time_series","intervalFactor":1,"refId":"A"}],"thresholds":"","title":"HTTP Version","type":"singlestat","valueFontSize":"80%","valueMaps":[{"op":"=","text":"N/A","value":"null"}],"valueName":"current"},{"cacheTimeout":null,"colorBackground":false,"colorValue":true,"colors":["#d44a3a","rgba(237, 129, 40, 0.89)","#299c46"],"datasource":"Prometheus","format":"none","gauge":{"maxValue":100,"minValue":0,"show":false,"thresholdLabels":false,"thresholdMarkers":true},"gridPos":{"h":2,"w":4,"x":0,"y":15},"id":18,"interval":null,"links":[],"mappingType":1,"mappingTypes":[{"name":"value to text","value":1},{"name":"range to text","value":2}],"maxDataPoints":100,"minSpan":3,"nullPointMode":"connected","nullText":null,"postfix":"","postfixFontSize":"50%","prefix":"","prefixFontSize":"50%","rangeMaps":[{"from":"null","text":"N/A","to":"null"}],"repeat":null,"repeatDirection":"v","scopedVars":{"target":{"selected":false,"text":"172.7.22.11:20880","value":"172.7.22.11:20880"}},"sparkline":{"fillColor":"rgba(31, 118, 189, 0.18)","full":false,"lineColor":"rgb(31, 120, 193)","show":false},"tableColumn":"","targets":[{"expr":"probe_http_ssl{instance=~\"$target\"}","format":"time_series","interval":"$interval","intervalFactor":1,"refId":"A"}],"thresholds":"0, 1","title":"SSL","type":"singlestat","valueFontSize":"80%","valueMaps":[{"op":"=","text":"N/A","value":"null"},{"op":"=","text":"YES","value":"1"},{"op":"=","text":"NO","value":"0"}],"valueName":"current"},{"cacheTimeout":null,"colorBackground":false,"colorValue":true,"colors":["#d44a3a","rgba(237, 129, 40, 0.89)","#299c46"],"datasource":"Prometheus","decimals":2,"format":"dtdurations","gauge":{"maxValue":100,"minValue":0,"show":false,"thresholdLabels":false,"thresholdMarkers":true},"gridPos":{"h":2,"w":10,"x":4,"y":15},"id":19,"interval":null,"links":[],"mappingType":1,"mappingTypes":[{"name":"value to text","value":1},{"name":"range to text","value":2}],"maxDataPoints":100,"minSpan":3,"nullPointMode":"connected","nullText":null,"postfix":"","postfixFontSize":"50%","prefix":"","prefixFontSize":"50%","rangeMaps":[{"from":"null","text":"N/A","to":"null"}],"repeat":null,"repeatDirection":"h","scopedVars":{"target":{"selected":false,"text":"172.7.22.11:20880","value":"172.7.22.11:20880"}},"sparkline":{"fillColor":"rgba(31, 118, 189, 0.18)","full":false,"lineColor":"rgb(31, 120, 193)","show":false},"tableColumn":"","targets":[{"expr":"probe_ssl_earliest_cert_expiry{instance=~\"$target\"} - time()","format":"time_series","interval":"$interval","intervalFactor":1,"refId":"A"}],"thresholds":"0,1209600","timeFrom":null,"title":"SSL Expiry","transparent":false,"type":"singlestat","valueFontSize":"80%","valueMaps":[{"op":"=","text":"N/A","value":"null"},{"op":"=","text":"YES","value":"1"},{"op":"=","text":"NO","value":"0"}],"valueName":"current"},{"cacheTimeout":null,"colorBackground":false,"colorValue":false,"colors":["#299c46","rgba(237, 129, 40, 0.89)","#d44a3a"],"datasource":"Prometheus","format":"s","gauge":{"maxValue":100,"minValue":0,"show":false,"thresholdLabels":false,"thresholdMarkers":true},"gridPos":{"h":2,"w":5,"x":14,"y":15},"id":23,"interval":null,"links":[],"mappingType":1,"mappingTypes":[{"name":"value to text","value":1},{"name":"range to text","value":2}],"maxDataPoints":100,"nullPointMode":"connected","nullText":null,"postfix":"","postfixFontSize":"50%","prefix":"","prefixFontSize":"50%","rangeMaps":[{"from":"null","text":"N/A","to":"null"}],"repeat":null,"scopedVars":{"target":{"selected":false,"text":"172.7.22.11:20880","value":"172.7.22.11:20880"}},"sparkline":{"fillColor":"rgba(31, 118, 189, 0.18)","full":false,"lineColor":"rgb(31, 120, 193)","show":false},"tableColumn":"","targets":[{"expr":"avg(probe_duration_seconds{instance=~\"$target\"})","format":"time_series","interval":"$interval","intervalFactor":1,"refId":"A"}],"thresholds":"","title":"Average Probe Duration","type":"singlestat","valueFontSize":"80%","valueMaps":[{"op":"=","text":"N/A","value":"null"}],"valueName":"current"},{"cacheTimeout":null,"colorBackground":false,"colorValue":false,"colors":["#299c46","rgba(237, 129, 40, 0.89)","#d44a3a"],"datasource":"Prometheus","format":"s","gauge":{"maxValue":100,"minValue":0,"show":false,"thresholdLabels":false,"thresholdMarkers":true},"gridPos":{"h":2,"w":5,"x":19,"y":15},"id":24,"interval":null,"links":[],"mappingType":1,"mappingTypes":[{"name":"value to text","value":1},{"name":"range to text","value":2}],"maxDataPoints":100,"nullPointMode":"connected","nullText":null,"postfix":"","postfixFontSize":"50%","prefix":"","prefixFontSize":"50%","rangeMaps":[{"from":"null","text":"N/A","to":"null"}],"repeat":null,"repeatDirection":"h","scopedVars":{"target":{"selected":false,"text":"172.7.22.11:20880","value":"172.7.22.11:20880"}},"sparkline":{"fillColor":"rgba(31, 118, 189, 0.18)","full":false,"lineColor":"rgb(31, 120, 193)","show":false},"tableColumn":"","targets":[{"expr":"avg(probe_dns_lookup_time_seconds{instance=~\"$target\"})","format":"time_series","interval":"$interval","intervalFactor":1,"refId":"A"}],"thresholds":"","title":"Average DNS Lookup","type":"singlestat","valueFontSize":"80%","valueMaps":[{"op":"=","text":"N/A","value":"null"}],"valueName":"current"},{"collapsed":false,"gridPos":{"h":1,"w":24,"x":0,"y":17},"id":139,"panels":[],"repeat":null,"repeatIteration":1571709830736,"repeatPanelId":15,"scopedVars":{"target":{"selected":false,"text":"172.7.22.19:20880","value":"172.7.22.19:20880"}},"title":"$target status","type":"row"},{"cacheTimeout":null,"colorBackground":true,"colorValue":false,"colors":["#d44a3a","rgba(237, 129, 40, 0.89)","#299c46"],"datasource":"Prometheus","format":"none","gauge":{"maxValue":100,"minValue":0,"show":false,"thresholdLabels":false,"thresholdMarkers":true},"gridPos":{"h":2,"w":4,"x":0,"y":18},"id":140,"interval":null,"links":[],"mappingType":1,"mappingTypes":[{"name":"value to text","value":1},{"name":"range to text","value":2}],"maxDataPoints":100,"minSpan":3,"nullPointMode":"connected","nullText":null,"postfix":"","postfixFontSize":"50%","prefix":"","prefixFontSize":"50%","rangeMaps":[{"from":"null","text":"N/A","to":"null"}],"repeat":null,"repeatDirection":"v","repeatIteration":1571709830736,"repeatPanelId":2,"repeatedByRow":true,"scopedVars":{"target":{"selected":false,"text":"172.7.22.19:20880","value":"172.7.22.19:20880"}},"sparkline":{"fillColor":"rgba(31, 118, 189, 0.18)","full":false,"lineColor":"rgb(31, 120, 193)","show":false},"tableColumn":"","targets":[{"expr":"probe_success{instance=~\"$target\"}","format":"time_series","interval":"$interval","intervalFactor":1,"refId":"A"}],"thresholds":"1,1","title":"Status","type":"singlestat","valueFontSize":"80%","valueMaps":[{"op":"=","text":"N/A","value":"null"},{"op":"=","text":"UP","value":"1"},{"op":"=","text":"DOWN","value":"0"}],"valueName":"current"},{"aliasColors":{},"bars":false,"dashLength":10,"dashes":false,"datasource":"Prometheus","fill":1,"gridPos":{"h":6,"w":10,"x":4,"y":18},"id":141,"legend":{"avg":false,"current":false,"max":false,"min":false,"show":true,"total":false,"values":false},"lines":true,"linewidth":1,"links":[],"nullPointMode":"null","percentage":false,"pointradius":5,"points":false,"renderer":"flot","repeatIteration":1571709830736,"repeatPanelId":25,"repeatedByRow":true,"scopedVars":{"target":{"selected":false,"text":"172.7.22.19:20880","value":"172.7.22.19:20880"}},"seriesOverrides":[],"spaceLength":10,"stack":false,"steppedLine":false,"targets":[{"expr":"probe_http_duration_seconds{instance=~\"$target\"}","format":"time_series","interval":"$interval","intervalFactor":1,"legendFormat":"","refId":"B"}],"thresholds":[],"timeFrom":null,"timeRegions":[],"timeShift":null,"title":"HTTP Duration","tooltip":{"shared":true,"sort":0,"value_type":"individual"},"type":"graph","xaxis":{"buckets":null,"mode":"time","name":null,"show":true,"values":[]},"yaxes":[{"format":"s","label":null,"logBase":1,"max":null,"min":null,"show":true},{"format":"short","label":null,"logBase":1,"max":null,"min":null,"show":true}],"yaxis":{"align":false,"alignLevel":null}},{"aliasColors":{},"bars":false,"dashLength":10,"dashes":false,"datasource":"Prometheus","fill":1,"gridPos":{"h":6,"w":10,"x":14,"y":18},"id":142,"legend":{"avg":false,"current":false,"max":false,"min":false,"show":true,"total":false,"values":false},"lines":true,"linewidth":1,"links":[],"nullPointMode":"null","percentage":false,"pointradius":5,"points":false,"renderer":"flot","repeat":null,"repeatIteration":1571709830736,"repeatPanelId":17,"repeatedByRow":true,"scopedVars":{"target":{"selected":false,"text":"172.7.22.19:20880","value":"172.7.22.19:20880"}},"seriesOverrides":[],"spaceLength":10,"stack":false,"steppedLine":false,"targets":[{"expr":"probe_duration_seconds{instance=~\"$target\"}","format":"time_series","interval":"$interval","intervalFactor":1,"legendFormat":"seconds","refId":"A"}],"thresholds":[],"timeFrom":null,"timeRegions":[],"timeShift":null,"title":"Probe Duration","tooltip":{"shared":true,"sort":0,"value_type":"individual"},"type":"graph","xaxis":{"buckets":null,"mode":"time","name":null,"show":true,"values":[]},"yaxes":[{"format":"s","label":null,"logBase":1,"max":null,"min":null,"show":true},{"format":"short","label":null,"logBase":1,"max":null,"min":null,"show":true}],"yaxis":{"align":false,"alignLevel":null}},{"cacheTimeout":null,"colorBackground":false,"colorValue":false,"colors":["#299c46","rgba(237, 129, 40, 0.89)","#d44a3a"],"datasource":"Prometheus","decimals":0,"format":"none","gauge":{"maxValue":100,"minValue":0,"show":false,"thresholdLabels":false,"thresholdMarkers":true},"gridPos":{"h":2,"w":4,"x":0,"y":20},"id":143,"interval":null,"links":[],"mappingType":1,"mappingTypes":[{"name":"value to text","value":1},{"name":"range to text","value":2}],"maxDataPoints":100,"minSpan":3,"nullPointMode":"connected","nullText":null,"postfix":"","postfixFontSize":"50%","prefix":"","prefixFontSize":"50%","rangeMaps":[{"from":"null","text":"N/A","to":"null"}],"repeat":null,"repeatDirection":"h","repeatIteration":1571709830736,"repeatPanelId":20,"repeatedByRow":true,"scopedVars":{"target":{"selected":false,"text":"172.7.22.19:20880","value":"172.7.22.19:20880"}},"sparkline":{"fillColor":"rgba(31, 118, 189, 0.18)","full":false,"lineColor":"rgb(31, 120, 193)","show":false},"tableColumn":"","targets":[{"expr":"probe_http_status_code{instance=~\"$target\"}","format":"time_series","interval":"$interval","intervalFactor":1,"refId":"A"}],"thresholds":"201, 399","title":"HTTP Status Code","transparent":false,"type":"singlestat","valueFontSize":"80%","valueMaps":[{"op":"=","text":"N/A","value":"null"},{"op":"=","text":"YES","value":"1"},{"op":"=","text":"N/A","value":"0"}],"valueName":"current"},{"cacheTimeout":null,"colorBackground":false,"colorValue":false,"colors":["#299c46","rgba(237, 129, 40, 0.89)","#d44a3a"],"datasource":"Prometheus","format":"none","gauge":{"maxValue":100,"minValue":0,"show":false,"thresholdLabels":false,"thresholdMarkers":true},"gridPos":{"h":2,"w":4,"x":0,"y":22},"id":144,"interval":null,"links":[],"mappingType":1,"mappingTypes":[{"name":"value to text","value":1},{"name":"range to text","value":2}],"maxDataPoints":100,"nullPointMode":"connected","nullText":null,"postfix":"","postfixFontSize":"50%","prefix":"","prefixFontSize":"50%","rangeMaps":[{"from":"null","text":"N/A","to":"null"}],"repeatIteration":1571709830736,"repeatPanelId":27,"repeatedByRow":true,"scopedVars":{"target":{"selected":false,"text":"172.7.22.19:20880","value":"172.7.22.19:20880"}},"sparkline":{"fillColor":"rgba(31, 118, 189, 0.18)","full":false,"lineColor":"rgb(31, 120, 193)","show":false},"tableColumn":"","targets":[{"expr":"probe_http_version{instance=~\"$target\"}","format":"time_series","intervalFactor":1,"refId":"A"}],"thresholds":"","title":"HTTP Version","type":"singlestat","valueFontSize":"80%","valueMaps":[{"op":"=","text":"N/A","value":"null"}],"valueName":"current"},{"cacheTimeout":null,"colorBackground":false,"colorValue":true,"colors":["#d44a3a","rgba(237, 129, 40, 0.89)","#299c46"],"datasource":"Prometheus","format":"none","gauge":{"maxValue":100,"minValue":0,"show":false,"thresholdLabels":false,"thresholdMarkers":true},"gridPos":{"h":2,"w":4,"x":0,"y":24},"id":145,"interval":null,"links":[],"mappingType":1,"mappingTypes":[{"name":"value to text","value":1},{"name":"range to text","value":2}],"maxDataPoints":100,"minSpan":3,"nullPointMode":"connected","nullText":null,"postfix":"","postfixFontSize":"50%","prefix":"","prefixFontSize":"50%","rangeMaps":[{"from":"null","text":"N/A","to":"null"}],"repeat":null,"repeatDirection":"v","repeatIteration":1571709830736,"repeatPanelId":18,"repeatedByRow":true,"scopedVars":{"target":{"selected":false,"text":"172.7.22.19:20880","value":"172.7.22.19:20880"}},"sparkline":{"fillColor":"rgba(31, 118, 189, 0.18)","full":false,"lineColor":"rgb(31, 120, 193)","show":false},"tableColumn":"","targets":[{"expr":"probe_http_ssl{instance=~\"$target\"}","format":"time_series","interval":"$interval","intervalFactor":1,"refId":"A"}],"thresholds":"0, 1","title":"SSL","type":"singlestat","valueFontSize":"80%","valueMaps":[{"op":"=","text":"N/A","value":"null"},{"op":"=","text":"YES","value":"1"},{"op":"=","text":"NO","value":"0"}],"valueName":"current"},{"cacheTimeout":null,"colorBackground":false,"colorValue":true,"colors":["#d44a3a","rgba(237, 129, 40, 0.89)","#299c46"],"datasource":"Prometheus","decimals":2,"format":"dtdurations","gauge":{"maxValue":100,"minValue":0,"show":false,"thresholdLabels":false,"thresholdMarkers":true},"gridPos":{"h":2,"w":10,"x":4,"y":24},"id":146,"interval":null,"links":[],"mappingType":1,"mappingTypes":[{"name":"value to text","value":1},{"name":"range to text","value":2}],"maxDataPoints":100,"minSpan":3,"nullPointMode":"connected","nullText":null,"postfix":"","postfixFontSize":"50%","prefix":"","prefixFontSize":"50%","rangeMaps":[{"from":"null","text":"N/A","to":"null"}],"repeat":null,"repeatDirection":"h","repeatIteration":1571709830736,"repeatPanelId":19,"repeatedByRow":true,"scopedVars":{"target":{"selected":false,"text":"172.7.22.19:20880","value":"172.7.22.19:20880"}},"sparkline":{"fillColor":"rgba(31, 118, 189, 0.18)","full":false,"lineColor":"rgb(31, 120, 193)","show":false},"tableColumn":"","targets":[{"expr":"probe_ssl_earliest_cert_expiry{instance=~\"$target\"} - time()","format":"time_series","interval":"$interval","intervalFactor":1,"refId":"A"}],"thresholds":"0,1209600","timeFrom":null,"title":"SSL Expiry","transparent":false,"type":"singlestat","valueFontSize":"80%","valueMaps":[{"op":"=","text":"N/A","value":"null"},{"op":"=","text":"YES","value":"1"},{"op":"=","text":"NO","value":"0"}],"valueName":"current"},{"cacheTimeout":null,"colorBackground":false,"colorValue":false,"colors":["#299c46","rgba(237, 129, 40, 0.89)","#d44a3a"],"datasource":"Prometheus","format":"s","gauge":{"maxValue":100,"minValue":0,"show":false,"thresholdLabels":false,"thresholdMarkers":true},"gridPos":{"h":2,"w":5,"x":14,"y":24},"id":147,"interval":null,"links":[],"mappingType":1,"mappingTypes":[{"name":"value to text","value":1},{"name":"range to text","value":2}],"maxDataPoints":100,"nullPointMode":"connected","nullText":null,"postfix":"","postfixFontSize":"50%","prefix":"","prefixFontSize":"50%","rangeMaps":[{"from":"null","text":"N/A","to":"null"}],"repeat":null,"repeatIteration":1571709830736,"repeatPanelId":23,"repeatedByRow":true,"scopedVars":{"target":{"selected":false,"text":"172.7.22.19:20880","value":"172.7.22.19:20880"}},"sparkline":{"fillColor":"rgba(31, 118, 189, 0.18)","full":false,"lineColor":"rgb(31, 120, 193)","show":false},"tableColumn":"","targets":[{"expr":"avg(probe_duration_seconds{instance=~\"$target\"})","format":"time_series","interval":"$interval","intervalFactor":1,"refId":"A"}],"thresholds":"","title":"Average Probe Duration","type":"singlestat","valueFontSize":"80%","valueMaps":[{"op":"=","text":"N/A","value":"null"}],"valueName":"current"},{"cacheTimeout":null,"colorBackground":false,"colorValue":false,"colors":["#299c46","rgba(237, 129, 40, 0.89)","#d44a3a"],"datasource":"Prometheus","format":"s","gauge":{"maxValue":100,"minValue":0,"show":false,"thresholdLabels":false,"thresholdMarkers":true},"gridPos":{"h":2,"w":5,"x":19,"y":24},"id":148,"interval":null,"links":[],"mappingType":1,"mappingTypes":[{"name":"value to text","value":1},{"name":"range to text","value":2}],"maxDataPoints":100,"nullPointMode":"connected","nullText":null,"postfix":"","postfixFontSize":"50%","prefix":"","prefixFontSize":"50%","rangeMaps":[{"from":"null","text":"N/A","to":"null"}],"repeat":null,"repeatDirection":"h","repeatIteration":1571709830736,"repeatPanelId":24,"repeatedByRow":true,"scopedVars":{"target":{"selected":false,"text":"172.7.22.19:20880","value":"172.7.22.19:20880"}},"sparkline":{"fillColor":"rgba(31, 118, 189, 0.18)","full":false,"lineColor":"rgb(31, 120, 193)","show":false},"tableColumn":"","targets":[{"expr":"avg(probe_dns_lookup_time_seconds{instance=~\"$target\"})","format":"time_series","interval":"$interval","intervalFactor":1,"refId":"A"}],"thresholds":"","title":"Average DNS Lookup","type":"singlestat","valueFontSize":"80%","valueMaps":[{"op":"=","text":"N/A","value":"null"}],"valueName":"current"}],"refresh":"10s","schemaVersion":16,"style":"dark","tags":["blackbox","prometheus"],"templating":{"list":[{"auto":true,"auto_count":10,"auto_min":"10s","current":{"text":"10s","value":"10s"},"hide":0,"label":"Interval","name":"interval","options":[{"selected":false,"text":"auto","value":"$__auto_interval_interval"},{"selected":false,"text":"5s","value":"5s"},{"selected":true,"text":"10s","value":"10s"},{"selected":false,"text":"30s","value":"30s"},{"selected":false,"text":"1m","value":"1m"},{"selected":false,"text":"10m","value":"10m"},{"selected":false,"text":"30m","value":"30m"},{"selected":false,"text":"1h","value":"1h"},{"selected":false,"text":"6h","value":"6h"},{"selected":false,"text":"12h","value":"12h"},{"selected":false,"text":"1d","value":"1d"},{"selected":false,"text":"7d","value":"7d"},{"selected":false,"text":"14d","value":"14d"},{"selected":false,"text":"30d","value":"30d"}],"query":"5s,10s,30s,1m,10m,30m,1h,6h,12h,1d,7d,14d,30d","refresh":2,"skipUrlSync":false,"type":"interval"},{"allValue":null,"current":{"text":"All","value":"$__all"},"datasource":"Prometheus","definition":"","hide":0,"includeAll":true,"label":null,"multi":true,"name":"target","options":[],"query":"label_values(probe_success, instance)","refresh":1,"regex":"","skipUrlSync":false,"sort":0,"tagValuesQuery":"","tags":[],"tagsQuery":"","type":"query","useTags":false}]},"time":{"from":"now-1h","to":"now"},"timepicker":{"refresh_intervals":["5s","10s","30s","1m","5m","15m","30m","1h","2h","1d"],"time_options":["5m","15m","1h","6h","12h","24h","2d","7d","30d"]},"timezone":"","title":"Prometheus Blackbox Exporter","uid":"xtkCtBkiz","version":1}