{"annotations":{"list":[{"builtIn":1,"datasource":"-- Grafana --","enable":true,"hide":true,"iconColor":"rgba(0, 211, 255, 1)","name":"Annotations & Alerts","type":"dashboard"}]},"description":"Dashboard for JVM metrics with Prometheus / JMX Exporter","editable":true,"gnetId":3457,"graphTooltip":0,"id":16,"iteration":1570520782982,"links":[],"panels":[{"cacheTimeout":null,"colorBackground":false,"colorValue":false,"colors":["rgba(245, 54, 54, 0.9)","rgba(237, 129, 40, 0.89)","rgba(50, 172, 45, 0.97)"],"datasource":"Prometheus","format":"none","gauge":{"maxValue":100,"minValue":0,"show":true,"thresholdLabels":false,"thresholdMarkers":true},"gridPos":{"h":4,"w":4,"x":0,"y":0},"id":11,"interval":null,"links":[],"mappingType":1,"mappingTypes":[{"name":"value to text","value":1},{"name":"range to text","value":2}],"maxDataPoints":100,"nullPointMode":"connected","nullText":null,"postfix":"","postfixFontSize":"50%","prefix":"","prefixFontSize":"50%","rangeMaps":[{"from":"null","text":"N/A","to":"null"}],"sparkline":{"fillColor":"rgba(31, 118, 189, 0.18)","full":false,"lineColor":"rgb(31, 120, 193)","show":true},"tableColumn":"","targets":[{"dsType":"influxdb","expr":"100 - (java_lang_OperatingSystem_FreePhysicalMemorySize{kubernetes_pod_name=~\"$pod_name\"} / on(kubernetes_pod_name) java_lang_OperatingSystem_TotalPhysicalMemorySize{kubernetes_pod_name=~\"$pod_name\"} *100)","format":"time_series","groupBy":[{"params":["$__interval"],"type":"time"},{"params":["null"],"type":"fill"}],"intervalFactor":2,"orderByTime":"ASC","policy":"default","refId":"A","resultFormat":"time_series","select":[[{"params":["value"],"type":"field"},{"params":[],"type":"mean"}]],"step":60,"tags":[]}],"thresholds":"","title":"Memory","type":"singlestat","valueFontSize":"80%","valueMaps":[{"op":"=","text":"N/A","value":"null"}],"valueName":"avg"},{"cacheTimeout":null,"colorBackground":false,"colorValue":false,"colors":["rgba(245, 54, 54, 0.9)","rgba(237, 129, 40, 0.89)","rgba(50, 172, 45, 0.97)"],"datasource":"Prometheus","format":"decbytes","gauge":{"maxValue":100,"minValue":0,"show":false,"thresholdLabels":false,"thresholdMarkers":true},"gridPos":{"h":4,"w":4,"x":4,"y":0},"id":19,"interval":null,"links":[],"mappingType":1,"mappingTypes":[{"name":"value to text","value":1},{"name":"range to text","value":2}],"maxDataPoints":100,"nullPointMode":"connected","nullText":null,"postfix":"","postfixFontSize":"50%","prefix":"","prefixFontSize":"50%","rangeMaps":[{"from":"null","text":"N/A","to":"null"}],"sparkline":{"fillColor":"rgba(31, 118, 189, 0.18)","full":false,"lineColor":"rgb(31, 120, 193)","show":false},"tableColumn":"","targets":[{"dsType":"influxdb","expr":"java_lang_OperatingSystem_TotalPhysicalMemorySize{kubernetes_pod_name=~\"$pod_name\"}","format":"time_series","groupBy":[{"params":["$__interval"],"type":"time"},{"params":["null"],"type":"fill"}],"intervalFactor":2,"orderByTime":"ASC","policy":"default","refId":"A","resultFormat":"time_series","select":[[{"params":["value"],"type":"field"},{"params":[],"type":"mean"}]],"step":60,"tags":[]}],"thresholds":"","title":"Total RAM","type":"singlestat","valueFontSize":"80%","valueMaps":[{"op":"=","text":"N/A","value":"null"}],"valueName":"avg"},{"cacheTimeout":null,"colorBackground":false,"colorValue":false,"colors":["rgba(245, 54, 54, 0.9)","rgba(237, 129, 40, 0.89)","rgba(50, 172, 45, 0.97)"],"datasource":"Prometheus","format":"none","gauge":{"maxValue":100,"minValue":0,"show":true,"thresholdLabels":false,"thresholdMarkers":true},"gridPos":{"h":4,"w":4,"x":8,"y":0},"id":12,"interval":null,"links":[],"mappingType":1,"mappingTypes":[{"name":"value to text","value":1},{"name":"range to text","value":2}],"maxDataPoints":100,"nullPointMode":"connected","nullText":null,"postfix":"","postfixFontSize":"50%","prefix":"","prefixFontSize":"50%","rangeMaps":[{"from":"null","text":"N/A","to":"null"}],"sparkline":{"fillColor":"rgba(31, 118, 189, 0.18)","full":false,"lineColor":"rgb(31, 120, 193)","show":true},"tableColumn":"","targets":[{"dsType":"influxdb","expr":"100 - (java_lang_OperatingSystem_FreeSwapSpaceSize{kubernetes_pod_name=~\"$pod_name\"} / on(kubernetes_pod_name) java_lang_OperatingSystem_TotalSwapSpaceSize{kubernetes_pod_name=~\"$pod_name\"} * 100)","format":"time_series","groupBy":[{"params":["$__interval"],"type":"time"},{"params":["null"],"type":"fill"}],"intervalFactor":2,"legendFormat":"","orderByTime":"ASC","policy":"default","refId":"A","resultFormat":"time_series","select":[[{"params":["value"],"type":"field"},{"params":[],"type":"mean"}]],"step":60,"tags":[]}],"thresholds":"","title":"Used SWAP","type":"singlestat","valueFontSize":"80%","valueMaps":[{"op":"=","text":"N/A","value":"null"}],"valueName":"avg"},{"cacheTimeout":null,"colorBackground":false,"colorValue":false,"colors":["rgba(245, 54, 54, 0.9)","rgba(237, 129, 40, 0.89)","rgba(50, 172, 45, 0.97)"],"datasource":"Prometheus","format":"decbytes","gauge":{"maxValue":100,"minValue":0,"show":false,"thresholdLabels":false,"thresholdMarkers":true},"gridPos":{"h":4,"w":2,"x":12,"y":0},"id":20,"interval":null,"links":[],"mappingType":1,"mappingTypes":[{"name":"value to text","value":1},{"name":"range to text","value":2}],"maxDataPoints":100,"nullPointMode":"connected","nullText":null,"postfix":"","postfixFontSize":"50%","prefix":"","prefixFontSize":"50%","rangeMaps":[{"from":"null","text":"N/A","to":"null"}],"sparkline":{"fillColor":"rgba(31, 118, 189, 0.18)","full":false,"lineColor":"rgb(31, 120, 193)","show":false},"tableColumn":"","targets":[{"dsType":"influxdb","expr":"java_lang_OperatingSystem_TotalSwapSpaceSize{kubernetes_pod_name=~\"$pod_name\"}","format":"time_series","groupBy":[{"params":["$__interval"],"type":"time"},{"params":["null"],"type":"fill"}],"intervalFactor":2,"orderByTime":"ASC","policy":"default","refId":"A","resultFormat":"time_series","select":[[{"params":["value"],"type":"field"},{"params":[],"type":"mean"}]],"step":60,"tags":[]}],"thresholds":"","title":"Total SWAP","type":"singlestat","valueFontSize":"80%","valueMaps":[{"op":"=","text":"N/A","value":"null"}],"valueName":"avg"},{"cacheTimeout":null,"colorBackground":false,"colorValue":false,"colors":["rgba(245, 54, 54, 0.9)","rgba(237, 129, 40, 0.89)","rgba(50, 172, 45, 0.97)"],"datasource":"Prometheus","decimals":null,"format":"none","gauge":{"maxValue":100,"minValue":0,"show":true,"thresholdLabels":false,"thresholdMarkers":true},"gridPos":{"h":4,"w":4,"x":14,"y":0},"id":16,"interval":null,"links":[],"mappingType":1,"mappingTypes":[{"name":"value to text","value":1},{"name":"range to text","value":2}],"maxDataPoints":100,"nullPointMode":"connected","nullText":null,"postfix":"","postfixFontSize":"50%","prefix":"","prefixFontSize":"50%","rangeMaps":[{"from":"null","text":"N/A","to":"null"}],"sparkline":{"fillColor":"rgba(31, 118, 189, 0.18)","full":false,"lineColor":"rgb(31, 120, 193)","show":true},"tableColumn":"","targets":[{"dsType":"influxdb","expr":"avg_over_time(java_lang_OperatingSystem_SystemCpuLoad{kubernetes_pod_name=~\"$pod_name\"}[1m]) * 100","format":"time_series","groupBy":[{"params":["$__interval"],"type":"time"},{"params":["null"],"type":"fill"}],"intervalFactor":1,"orderByTime":"ASC","policy":"default","refId":"A","resultFormat":"time_series","select":[[{"params":["value"],"type":"field"},{"params":[],"type":"mean"}]],"step":30,"tags":[]}],"thresholds":"","timeFrom":null,"title":"CPU System Load(1m avg)","type":"singlestat","valueFontSize":"80%","valueMaps":[{"op":"=","text":"N/A","value":"null"}],"valueName":"current"},{"cacheTimeout":null,"colorBackground":false,"colorValue":false,"colors":["rgba(245, 54, 54, 0.9)","rgba(237, 129, 40, 0.89)","rgba(50, 172, 45, 0.97)"],"datasource":"Prometheus","decimals":null,"format":"none","gauge":{"maxValue":100,"minValue":0,"show":true,"thresholdLabels":false,"thresholdMarkers":true},"gridPos":{"h":4,"w":4,"x":18,"y":0},"id":17,"interval":null,"links":[],"mappingType":1,"mappingTypes":[{"name":"value to text","value":1},{"name":"range to text","value":2}],"maxDataPoints":100,"nullPointMode":"connected","nullText":null,"postfix":"","postfixFontSize":"50%","prefix":"","prefixFontSize":"50%","rangeMaps":[{"from":"null","text":"N/A","to":"null"}],"sparkline":{"fillColor":"rgba(31, 118, 189, 0.18)","full":false,"lineColor":"rgb(31, 120, 193)","show":true},"tableColumn":"","targets":[{"dsType":"influxdb","expr":"avg_over_time(java_lang_OperatingSystem_SystemCpuLoad{kubernetes_pod_name=~\"$pod_name\"}[5m]) * 100","format":"time_series","groupBy":[{"params":["$__interval"],"type":"time"},{"params":["null"],"type":"fill"}],"intervalFactor":1,"orderByTime":"ASC","policy":"default","refId":"A","resultFormat":"time_series","select":[[{"params":["value"],"type":"field"},{"params":[],"type":"mean"}]],"step":30,"tags":[]}],"thresholds":"","timeFrom":null,"title":"CPU System Load(5m avg)","type":"singlestat","valueFontSize":"80%","valueMaps":[{"op":"=","text":"N/A","value":"null"}],"valueName":"current"},{"cacheTimeout":null,"colorBackground":false,"colorValue":false,"colors":["rgba(245, 54, 54, 0.9)","rgba(237, 129, 40, 0.89)","rgba(50, 172, 45, 0.97)"],"datasource":"Prometheus","format":"none","gauge":{"maxValue":100,"minValue":0,"show":false,"thresholdLabels":false,"thresholdMarkers":true},"gridPos":{"h":4,"w":2,"x":22,"y":0},"id":18,"interval":null,"links":[],"mappingType":1,"mappingTypes":[{"name":"value to text","value":1},{"name":"range to text","value":2}],"maxDataPoints":100,"nullPointMode":"connected","nullText":null,"postfix":"","postfixFontSize":"50%","prefix":"","prefixFontSize":"50%","rangeMaps":[{"from":"null","text":"N/A","to":"null"}],"sparkline":{"fillColor":"rgba(31, 118, 189, 0.18)","full":false,"lineColor":"rgb(31, 120, 193)","show":false},"tableColumn":"","targets":[{"dsType":"influxdb","expr":"java_lang_OperatingSystem_AvailableProcessors{kubernetes_pod_name=~\"$pod_name\"}","format":"time_series","groupBy":[{"params":["$__interval"],"type":"time"},{"params":["null"],"type":"fill"}],"intervalFactor":2,"orderByTime":"ASC","policy":"default","refId":"A","resultFormat":"time_series","select":[[{"params":["value"],"type":"field"},{"params":[],"type":"mean"}]],"step":60,"tags":[]}],"thresholds":"","title":"CPU Cores","type":"singlestat","valueFontSize":"80%","valueMaps":[{"op":"=","text":"N/A","value":"null"}],"valueName":"avg"},{"aliasColors":{},"bars":false,"dashLength":10,"dashes":false,"datasource":"Prometheus","fill":1,"gridPos":{"h":7,"w":8,"x":0,"y":4},"id":8,"legend":{"avg":false,"current":false,"max":false,"min":false,"show":true,"total":false,"values":false},"lines":true,"linewidth":1,"links":[],"nullPointMode":"null","percentage":false,"pointradius":5,"points":false,"renderer":"flot","seriesOverrides":[],"spaceLength":10,"stack":true,"steppedLine":false,"targets":[{"expr":"java_lang_OperatingSystem_SystemCpuLoad{kubernetes_pod_name=~\"$pod_name\"} * 100","format":"time_series","intervalFactor":2,"legendFormat":"system","refId":"B","step":20},{"dsType":"influxdb","expr":"java_lang_OperatingSystem_ProcessCpuLoad{kubernetes_pod_name=~\"$pod_name\"} * 100","format":"time_series","groupBy":[{"params":["$__interval"],"type":"time"},{"params":["null"],"type":"fill"}],"intervalFactor":2,"legendFormat":"process","orderByTime":"ASC","policy":"default","refId":"A","resultFormat":"time_series","select":[[{"params":["value"],"type":"field"},{"params":[],"type":"mean"}]],"step":20,"tags":[]}],"thresholds":[],"timeFrom":null,"timeRegions":[],"timeShift":null,"title":"CPU Usage","tooltip":{"shared":true,"sort":0,"value_type":"individual"},"type":"graph","xaxis":{"buckets":null,"mode":"time","name":null,"show":true,"values":[]},"yaxes":[{"format":"percent","label":null,"logBase":1,"max":null,"min":null,"show":true},{"format":"short","label":null,"logBase":1,"max":null,"min":null,"show":true}],"yaxis":{"align":false,"alignLevel":null}},{"aliasColors":{},"bars":false,"dashLength":10,"dashes":false,"datasource":"Prometheus","fill":1,"gridPos":{"h":7,"w":8,"x":8,"y":4},"id":2,"legend":{"alignAsTable":false,"avg":true,"current":true,"max":true,"min":false,"rightSide":false,"show":true,"total":false,"values":true},"lines":true,"linewidth":1,"links":[],"nullPointMode":"null","percentage":false,"pointradius":5,"points":false,"renderer":"flot","repeat":null,"seriesOverrides":[],"spaceLength":10,"stack":false,"steppedLine":false,"targets":[{"expr":"jvm_memory_bytes_used{kubernetes_pod_name=~\"$pod_name\"}  / ignoring(area) group_left java_lang_OperatingSystem_TotalPhysicalMemorySize{kubernetes_pod_name=~\"$pod_name\"} *100","format":"time_series","interval":"","intervalFactor":5,"legendFormat":" ","metric":"jvm_memory_bytes_used","refId":"A","step":50}],"thresholds":[],"timeFrom":null,"timeRegions":[],"timeShift":null,"title":"Memory Heap /NonHeap","tooltip":{"shared":true,"sort":0,"value_type":"individual"},"type":"graph","xaxis":{"buckets":null,"mode":"time","name":null,"show":true,"values":[]},"yaxes":[{"format":"percent","label":null,"logBase":1,"max":null,"min":null,"show":true},{"format":"short","label":null,"logBase":1,"max":null,"min":null,"show":true}],"yaxis":{"align":false,"alignLevel":null}},{"aliasColors":{},"bars":false,"dashLength":10,"dashes":false,"datasource":"Prometheus","fill":1,"gridPos":{"h":7,"w":8,"x":16,"y":4},"id":10,"legend":{"alignAsTable":false,"avg":false,"current":false,"max":false,"min":false,"rightSide":true,"show":true,"total":false,"values":false},"lines":true,"linewidth":1,"links":[],"nullPointMode":"null","percentage":false,"pointradius":5,"points":false,"renderer":"flot","seriesOverrides":[],"spaceLength":10,"stack":false,"steppedLine":false,"targets":[{"dsType":"influxdb","expr":"jvm_memory_pool_bytes_used{kubernetes_pod_name=~\"$pod_name\"}","format":"time_series","groupBy":[{"params":["$__interval"],"type":"time"},{"params":["null"],"type":"fill"}],"intervalFactor":2,"legendFormat":"","orderByTime":"ASC","policy":"default","refId":"A","resultFormat":"time_series","select":[[{"params":["value"],"type":"field"},{"params":[],"type":"mean"}]],"step":20,"tags":[]}],"thresholds":[],"timeFrom":null,"timeRegions":[],"timeShift":null,"title":"Memory Pool Used","tooltip":{"shared":true,"sort":0,"value_type":"individual"},"type":"graph","xaxis":{"buckets":null,"mode":"time","name":null,"show":true,"values":[]},"yaxes":[{"format":"decbytes","label":null,"logBase":1,"max":null,"min":null,"show":true},{"format":"short","label":null,"logBase":1,"max":null,"min":null,"show":true}],"yaxis":{"align":false,"alignLevel":null}},{"aliasColors":{},"bars":false,"dashLength":10,"dashes":false,"datasource":"Prometheus","fill":1,"gridPos":{"h":7,"w":6,"x":0,"y":11},"id":3,"legend":{"avg":false,"current":false,"max":false,"min":false,"show":true,"total":false,"values":false},"lines":true,"linewidth":1,"links":[],"nullPointMode":"null","percentage":false,"pointradius":5,"points":false,"renderer":"flot","seriesOverrides":[],"spaceLength":10,"stack":false,"steppedLine":false,"targets":[{"expr":"jvm_threads_current{kubernetes_pod_name=~\"$pod_name\"}","format":"time_series","intervalFactor":5,"legendFormat":"current","metric":"jvm_threads_current","refId":"A","step":50},{"expr":"jvm_threads_daemon{kubernetes_pod_name=~\"$pod_name\"}","format":"time_series","intervalFactor":5,"legendFormat":"daemon","metric":"jvm_threads_daemon","refId":"B","step":50}],"thresholds":[],"timeFrom":null,"timeRegions":[],"timeShift":null,"title":"Threads used","tooltip":{"shared":true,"sort":0,"value_type":"individual"},"type":"graph","xaxis":{"buckets":null,"mode":"time","name":null,"show":true,"values":[]},"yaxes":[{"decimals":0,"format":"short","label":null,"logBase":1,"max":null,"min":null,"show":true},{"format":"short","label":null,"logBase":1,"max":null,"min":null,"show":true}],"yaxis":{"align":false,"alignLevel":null}},{"aliasColors":{},"bars":false,"dashLength":10,"dashes":false,"datasource":"Prometheus","fill":1,"gridPos":{"h":7,"w":6,"x":6,"y":11},"id":4,"legend":{"avg":false,"current":false,"max":false,"min":false,"show":true,"total":false,"values":false},"lines":true,"linewidth":1,"links":[],"nullPointMode":"null","percentage":false,"pointradius":5,"points":false,"renderer":"flot","seriesOverrides":[],"spaceLength":10,"stack":false,"steppedLine":false,"targets":[{"expr":"jvm_classes_loaded{kubernetes_pod_name=~\"$pod_name\"}","format":"time_series","interval":"","intervalFactor":5,"legendFormat":"loaded","metric":"jvm_classes_loaded","refId":"A","step":50}],"thresholds":[],"timeFrom":null,"timeRegions":[],"timeShift":null,"title":"Class loading","tooltip":{"shared":true,"sort":0,"value_type":"individual"},"type":"graph","xaxis":{"buckets":null,"mode":"time","name":null,"show":true,"values":[]},"yaxes":[{"decimals":0,"format":"short","label":"","logBase":1,"max":null,"min":null,"show":true},{"format":"short","label":null,"logBase":1,"max":null,"min":null,"show":true}],"yaxis":{"align":false,"alignLevel":null}},{"aliasColors":{},"bars":false,"dashLength":10,"dashes":false,"datasource":"Prometheus","fill":1,"gridPos":{"h":7,"w":6,"x":12,"y":11},"id":7,"legend":{"avg":false,"current":false,"max":false,"min":false,"show":true,"total":false,"values":false},"lines":true,"linewidth":1,"links":[],"nullPointMode":"null","percentage":false,"pointradius":5,"points":false,"renderer":"flot","seriesOverrides":[],"spaceLength":10,"stack":false,"steppedLine":false,"targets":[{"dsType":"influxdb","expr":"java_lang_OperatingSystem_OpenFileDescriptorCount{kubernetes_pod_name=~\"$pod_name\"}","format":"time_series","groupBy":[{"params":["$__interval"],"type":"time"},{"params":["null"],"type":"fill"}],"intervalFactor":2,"legendFormat":"descriptors","orderByTime":"ASC","policy":"default","refId":"A","resultFormat":"time_series","select":[[{"params":["value"],"type":"field"},{"params":[],"type":"mean"}]],"step":20,"tags":[]}],"thresholds":[],"timeFrom":null,"timeRegions":[],"timeShift":null,"title":"Open File Descriptors","tooltip":{"shared":true,"sort":0,"value_type":"individual"},"type":"graph","xaxis":{"buckets":null,"mode":"time","name":null,"show":true,"values":[]},"yaxes":[{"format":"short","label":null,"logBase":1,"max":null,"min":null,"show":true},{"format":"short","label":null,"logBase":1,"max":null,"min":null,"show":true}],"yaxis":{"align":false,"alignLevel":null}},{"aliasColors":{},"bars":false,"dashLength":10,"dashes":false,"datasource":"Prometheus","fill":1,"gridPos":{"h":7,"w":6,"x":18,"y":11},"id":9,"legend":{"avg":false,"current":true,"max":false,"min":false,"show":true,"total":false,"values":true},"lines":true,"linewidth":1,"links":[],"nullPointMode":"null","percentage":false,"pointradius":5,"points":false,"renderer":"flot","seriesOverrides":[],"spaceLength":10,"stack":false,"steppedLine":false,"targets":[{"dsType":"influxdb","expr":"Catalina_Manager_activeSessions{kubernetes_pod_name=~\"$pod_name\"}","format":"time_series","groupBy":[{"params":["$__interval"],"type":"time"},{"params":["null"],"type":"fill"}],"intervalFactor":2,"legendFormat":"active","orderByTime":"ASC","policy":"default","refId":"A","resultFormat":"time_series","select":[[{"params":["value"],"type":"field"},{"params":[],"type":"mean"}]],"step":20,"tags":[]},{"expr":"Catalina_Manager_rejectedSessions{kubernetes_pod_name=~\"$pod_name\"}","format":"time_series","intervalFactor":2,"legendFormat":"rejected","refId":"C","step":20}],"thresholds":[],"timeFrom":null,"timeRegions":[],"timeShift":null,"title":"Manager Sessions","tooltip":{"shared":true,"sort":0,"value_type":"individual"},"type":"graph","xaxis":{"buckets":null,"mode":"time","name":null,"show":true,"values":[]},"yaxes":[{"format":"short","label":null,"logBase":1,"max":null,"min":null,"show":true},{"format":"short","label":null,"logBase":1,"max":null,"min":null,"show":true}],"yaxis":{"align":false,"alignLevel":null}},{"aliasColors":{},"bars":false,"dashLength":10,"dashes":false,"datasource":"Prometheus","fill":1,"gridPos":{"h":7,"w":12,"x":0,"y":18},"id":5,"legend":{"avg":false,"current":false,"max":false,"min":false,"show":true,"total":false,"values":false},"lines":true,"linewidth":1,"links":[],"nullPointMode":"null","percentage":false,"pointradius":5,"points":false,"renderer":"flot","seriesOverrides":[],"spaceLength":10,"stack":false,"steppedLine":false,"targets":[{"expr":"rate(jvm_gc_collection_seconds_sum{kubernetes_pod_name=~\"$pod_name\"}[1m])","format":"time_series","interval":"","intervalFactor":5,"legendFormat":"","metric":"jvm_gc_collection_seconds_sum","refId":"A","step":25}],"thresholds":[],"timeFrom":null,"timeRegions":[],"timeShift":null,"title":"GC time / 1 min. rate","tooltip":{"shared":true,"sort":0,"value_type":"individual"},"type":"graph","xaxis":{"buckets":null,"mode":"time","name":null,"show":true,"values":[]},"yaxes":[{"format":"s","label":null,"logBase":1,"max":null,"min":null,"show":true},{"format":"short","label":null,"logBase":1,"max":null,"min":null,"show":true}],"yaxis":{"align":false,"alignLevel":null}},{"aliasColors":{},"bars":false,"dashLength":10,"dashes":false,"datasource":"Prometheus","fill":1,"gridPos":{"h":7,"w":12,"x":12,"y":18},"id":6,"legend":{"avg":false,"current":false,"max":false,"min":false,"show":true,"total":false,"values":false},"lines":true,"linewidth":1,"links":[],"nullPointMode":"null","percentage":false,"pointradius":5,"points":false,"renderer":"flot","seriesOverrides":[],"spaceLength":10,"stack":false,"steppedLine":false,"targets":[{"expr":"jvm_gc_collection_seconds_count{kubernetes_pod_name=~\"$pod_name\"}","format":"time_series","interval":"","intervalFactor":5,"legendFormat":"","metric":"","refId":"A","step":25}],"thresholds":[],"timeFrom":null,"timeRegions":[],"timeShift":null,"title":"GC count","tooltip":{"shared":true,"sort":0,"value_type":"individual"},"type":"graph","xaxis":{"buckets":null,"mode":"time","name":null,"show":true,"values":[]},"yaxes":[{"decimals":0,"format":"short","label":null,"logBase":1,"max":null,"min":null,"show":true},{"format":"short","label":null,"logBase":1,"max":null,"min":null,"show":true}],"yaxis":{"align":false,"alignLevel":null}},{"aliasColors":{},"bars":false,"dashLength":10,"dashes":false,"datasource":"Prometheus","fill":1,"gridPos":{"h":7,"w":8,"x":0,"y":25},"id":13,"legend":{"avg":false,"current":false,"max":false,"min":false,"show":true,"total":false,"values":false},"lines":true,"linewidth":1,"links":[],"nullPointMode":"null","percentage":false,"pointradius":5,"points":false,"renderer":"flot","seriesOverrides":[{"alias":"/.*sent/","transform":"negative-Y"}],"spaceLength":10,"stack":false,"steppedLine":false,"targets":[{"dsType":"influxdb","expr":"Catalina_GlobalRequestProcessor_bytesReceived{kubernetes_pod_name=~\"$pod_name\"}","format":"time_series","groupBy":[{"params":["$__interval"],"type":"time"},{"params":["null"],"type":"fill"}],"intervalFactor":2,"legendFormat":" recv","orderByTime":"ASC","policy":"default","refId":"A","resultFormat":"time_series","select":[[{"params":["value"],"type":"field"},{"params":[],"type":"mean"}]],"step":20,"tags":[]},{"expr":"Catalina_GlobalRequestProcessor_bytesSent{kubernetes_pod_name=~\"$pod_name\"}","format":"time_series","intervalFactor":2,"legendFormat":" sent","refId":"B","step":20}],"thresholds":[],"timeFrom":null,"timeRegions":[],"timeShift":null,"title":"Catalina Request Processor bytes","tooltip":{"shared":true,"sort":0,"value_type":"individual"},"type":"graph","xaxis":{"buckets":null,"mode":"time","name":null,"show":true,"values":[]},"yaxes":[{"format":"decbytes","label":null,"logBase":1,"max":null,"min":null,"show":true},{"format":"short","label":null,"logBase":1,"max":null,"min":null,"show":true}],"yaxis":{"align":false,"alignLevel":null}},{"aliasColors":{},"bars":false,"dashLength":10,"dashes":false,"datasource":"Prometheus","fill":1,"gridPos":{"h":7,"w":8,"x":8,"y":25},"id":14,"legend":{"avg":false,"current":false,"max":false,"min":false,"show":true,"total":false,"values":false},"lines":true,"linewidth":1,"links":[],"nullPointMode":"null","percentage":false,"pointradius":5,"points":false,"renderer":"flot","seriesOverrides":[],"spaceLength":10,"stack":false,"steppedLine":false,"targets":[{"dsType":"influxdb","expr":"Catalina_GlobalRequestProcessor_requestCount{kubernetes_pod_name=~\"$pod_name\"}","format":"time_series","groupBy":[{"params":["$__interval"],"type":"time"},{"params":["null"],"type":"fill"}],"intervalFactor":2,"legendFormat":" count","orderByTime":"ASC","policy":"default","refId":"A","resultFormat":"time_series","select":[[{"params":["value"],"type":"field"},{"params":[],"type":"mean"}]],"step":20,"tags":[]},{"expr":"Catalina_GlobalRequestProcessor_errorCount{kubernetes_pod_name=~\"$pod_name\"}","format":"time_series","intervalFactor":2,"legendFormat":" error","refId":"B","step":20}],"thresholds":[],"timeFrom":null,"timeRegions":[],"timeShift":null,"title":"Catalina Request Processor requests","tooltip":{"shared":true,"sort":0,"value_type":"individual"},"type":"graph","xaxis":{"buckets":null,"mode":"time","name":null,"show":true,"values":[]},"yaxes":[{"format":"short","label":null,"logBase":1,"max":null,"min":null,"show":true},{"format":"short","label":null,"logBase":1,"max":null,"min":null,"show":true}],"yaxis":{"align":false,"alignLevel":null}},{"aliasColors":{},"bars":false,"dashLength":10,"dashes":false,"datasource":"Prometheus","fill":1,"gridPos":{"h":7,"w":8,"x":16,"y":25},"id":15,"legend":{"avg":false,"current":false,"max":false,"min":false,"show":true,"total":false,"values":false},"lines":true,"linewidth":1,"links":[],"nullPointMode":"null","percentage":false,"pointradius":5,"points":false,"renderer":"flot","seriesOverrides":[],"spaceLength":10,"stack":false,"steppedLine":false,"targets":[{"dsType":"influxdb","expr":"Catalina_GlobalRequestProcessor_processingTime{kubernetes_pod_name=~\"$pod_name\"}","format":"time_series","groupBy":[{"params":["$__interval"],"type":"time"},{"params":["null"],"type":"fill"}],"intervalFactor":2,"legendFormat":"","orderByTime":"ASC","policy":"default","refId":"A","resultFormat":"time_series","select":[[{"params":["value"],"type":"field"},{"params":[],"type":"mean"}]],"step":20,"tags":[]}],"thresholds":[],"timeFrom":null,"timeRegions":[],"timeShift":null,"title":"Catalina Request Processing Time","tooltip":{"shared":true,"sort":0,"value_type":"individual"},"type":"graph","xaxis":{"buckets":null,"mode":"time","name":null,"show":true,"values":[]},"yaxes":[{"format":"ms","label":null,"logBase":1,"max":null,"min":null,"show":true},{"format":"short","label":null,"logBase":1,"max":null,"min":null,"show":true}],"yaxis":{"align":false,"alignLevel":null}}],"refresh":"30s","schemaVersion":16,"style":"dark","tags":["JVM","prometheus"],"templating":{"list":[{"allValue":"","current":{"text":"dubbo-demo-consumer-67665c67f-skhdm","value":"dubbo-demo-consumer-67665c67f-skhdm"},"datasource":"Prometheus","definition":"","hide":0,"includeAll":false,"label":"pod_name","multi":false,"name":"pod_name","options":[],"query":"label_values(up{job=\"kubernetes-pods\"}, kubernetes_pod_name)","refresh":1,"regex":"","skipUrlSync":false,"sort":0,"tagValuesQuery":"","tags":[],"tagsQuery":"","type":"query","useTags":false}]},"time":{"from":"now-1h","to":"now"},"timepicker":{"refresh_intervals":["5s","10s","30s","1m","5m","15m","30m","1h","2h","1d"],"time_options":["5m","15m","1h","6h","12h","24h","2d","7d","30d"]},"timezone":"","title":"JMX Dashboard","uid":"Dc0DwvYmk","version":3}