{"annotations":{"list":[{"builtIn":1,"datasource":"-- Grafana --","enable":true,"hide":true,"iconColor":"rgba(0, 211, 255, 1)","name":"Annotations & Alerts","type":"dashboard"}]},"description":"Deployment overview for Kubernetes deploys.","editable":true,"gnetId":null,"graphTooltip":1,"id":4,"iteration":1571710250588,"links":[{"asDropdown":true,"icon":"external link","includeVars":true,"keepTime":false,"tags":["kubernetes-app"],"title":"Dashboards","type":"dashboards"}],"panels":[{"cacheTimeout":null,"colorBackground":false,"colorValue":false,"colors":["rgba(245, 54, 54, 0.9)","rgba(237, 129, 40, 0.89)","rgb(72, 223, 30)"],"datasource":"$datasource","editable":true,"error":false,"format":"none","gauge":{"maxValue":100,"minValue":0,"show":false,"thresholdLabels":false,"thresholdMarkers":true},"gridPos":{"h":5,"w":6,"x":0,"y":0},"id":24,"interval":null,"links":[],"mappingType":1,"mappingTypes":[{"name":"value to text","value":1},{"name":"range to text","value":2}],"maxDataPoints":100,"nullPointMode":"connected","nullText":null,"postfix":"","postfixFontSize":"50%","prefix":"","prefixFontSize":"50%","rangeMaps":[{"from":"null","text":"N/A","to":"null"}],"sparkline":{"fillColor":"rgba(31, 118, 189, 0.18)","full":false,"lineColor":"rgb(31, 120, 193)","show":false},"tableColumn":"","targets":[{"expr":"sum(kube_deployment_status_replicas{deployment=~\"$deployment\"})","format":"time_series","intervalFactor":1,"refId":"A"}],"thresholds":"","title":"Deployment Replicas - Desired","type":"singlestat","valueFontSize":"80%","valueMaps":[{"op":"=","text":"N/A","value":"null"}],"valueName":"current"},{"cacheTimeout":null,"colorBackground":false,"colorValue":false,"colors":["rgba(245, 54, 54, 0.9)","rgba(237, 129, 40, 0.89)","rgba(50, 172, 45, 0.97)"],"datasource":"$datasource","editable":true,"error":false,"format":"none","gauge":{"maxValue":100,"minValue":0,"show":false,"thresholdLabels":false,"thresholdMarkers":true},"gridPos":{"h":5,"w":6,"x":6,"y":0},"id":33,"interval":null,"links":[],"mappingType":1,"mappingTypes":[{"name":"value to text","value":1},{"name":"range to text","value":2}],"maxDataPoints":100,"nullPointMode":"connected","nullText":null,"postfix":"","postfixFontSize":"50%","prefix":"","prefixFontSize":"50%","rangeMaps":[{"from":"null","text":"N/A","to":"null"}],"sparkline":{"fillColor":"rgba(31, 118, 189, 0.18)","full":false,"lineColor":"rgb(31, 120, 193)","show":false},"tableColumn":"","targets":[{"expr":"sum(kube_deployment_status_replicas_available{deployment=~\"$deployment\"})","format":"time_series","intervalFactor":1,"refId":"A"}],"thresholds":"","title":"Deployments Replicas - Available","type":"singlestat","valueFontSize":"80%","valueMaps":[{"op":"=","text":"N/A","value":"null"}],"valueName":"current"},{"cacheTimeout":null,"colorBackground":false,"colorValue":false,"colors":["rgba(245, 54, 54, 0.9)","rgba(237, 129, 40, 0.89)","rgba(50, 172, 45, 0.97)"],"datasource":"$datasource","editable":true,"error":false,"format":"none","gauge":{"maxValue":100,"minValue":0,"show":false,"thresholdLabels":false,"thresholdMarkers":true},"gridPos":{"h":5,"w":6,"x":12,"y":0},"id":25,"interval":null,"links":[],"mappingType":1,"mappingTypes":[{"name":"value to text","value":1},{"name":"range to text","value":2}],"maxDataPoints":100,"nullPointMode":"connected","nullText":null,"postfix":"","postfixFontSize":"50%","prefix":"","prefixFontSize":"50%","rangeMaps":[{"from":"null","text":"N/A","to":"null"}],"sparkline":{"fillColor":"rgba(31, 118, 189, 0.18)","full":false,"lineColor":"rgb(31, 120, 193)","show":false},"tableColumn":"","targets":[{"expr":"sum(kube_deployment_status_replicas_updated{deployment=~\"$deployment\"})","format":"time_series","intervalFactor":1,"refId":"A"}],"thresholds":"","title":"Deployments Replicas - Up-to-date","type":"singlestat","valueFontSize":"80%","valueMaps":[{"op":"=","text":"N/A","value":"null"}],"valueName":"current"},{"cacheTimeout":null,"colorBackground":false,"colorValue":false,"colors":["rgba(245, 54, 54, 0.9)","rgba(237, 129, 40, 0.89)","rgba(50, 172, 45, 0.97)"],"datasource":"$datasource","editable":true,"error":false,"format":"none","gauge":{"maxValue":100,"minValue":0,"show":false,"thresholdLabels":false,"thresholdMarkers":true},"gridPos":{"h":5,"w":6,"x":18,"y":0},"id":32,"interval":null,"links":[],"mappingType":1,"mappingTypes":[{"name":"value to text","value":1},{"name":"range to text","value":2}],"maxDataPoints":100,"nullPointMode":"connected","nullText":null,"postfix":"","postfixFontSize":"50%","prefix":"","prefixFontSize":"50%","rangeMaps":[{"from":"null","text":"N/A","to":"null"}],"sparkline":{"fillColor":"rgba(31, 118, 189, 0.18)","full":false,"lineColor":"rgb(31, 120, 193)","show":false},"tableColumn":"","targets":[{"expr":"sum(kube_deployment_status_replicas_unavailable{deployment=~\"$deployment\"})","format":"time_series","intervalFactor":1,"refId":"A"}],"thresholds":"","title":"Deployments Replicas - Unavailable","type":"singlestat","valueFontSize":"80%","valueMaps":[{"op":"=","text":"N/A","value":"null"}],"valueName":"current"},{"aliasColors":{},"bars":false,"dashLength":10,"dashes":false,"datasource":"$datasource","editable":true,"error":false,"fill":1,"gridPos":{"h":7,"w":24,"x":0,"y":5},"id":34,"legend":{"alignAsTable":true,"avg":false,"current":false,"max":false,"min":false,"rightSide":true,"show":true,"total":false,"values":false},"lines":true,"linewidth":1,"links":[],"nullPointMode":"connected","percentage":false,"pointradius":5,"points":false,"renderer":"flot","seriesOverrides":[],"spaceLength":10,"stack":false,"steppedLine":false,"targets":[{"expr":"kube_deployment_status_observed_generation","format":"time_series","interval":"","intervalFactor":1,"legendFormat":"","refId":"A"}],"thresholds":[],"timeFrom":null,"timeRegions":[],"timeShift":null,"title":"Generations","tooltip":{"msResolution":false,"shared":true,"sort":0,"value_type":"individual"},"type":"graph","xaxis":{"buckets":null,"mode":"time","name":null,"show":true,"values":[]},"yaxes":[{"format":"short","label":null,"logBase":1,"max":null,"min":null,"show":true},{"format":"short","label":null,"logBase":1,"max":null,"min":null,"show":true}],"yaxis":{"align":false,"alignLevel":null}}],"refresh":"5s","schemaVersion":16,"style":"dark","tags":["kubernetes","kubernetes-app"],"templating":{"list":[{"current":{"text":"myk8s","value":"myk8s"},"hide":0,"label":null,"name":"cluster","options":[],"query":"grafana-kubernetes-datasource","refresh":1,"regex":"","skipUrlSync":false,"type":"datasource"},{"allValue":null,"current":{"text":"Prometheus","value":"Prometheus"},"datasource":"$cluster","definition":"","hide":2,"includeAll":false,"label":"","multi":false,"name":"ds","options":[],"query":"datasource","refresh":1,"regex":"","skipUrlSync":false,"sort":0,"tagValuesQuery":"","tags":[],"tagsQuery":"","type":"query","useTags":false},{"current":{"text":"Prometheus","value":"Prometheus"},"hide":2,"label":"","name":"datasource","options":[],"query":"prometheus","refresh":1,"regex":"/$ds/","skipUrlSync":false,"type":"datasource"},{"allValue":null,"current":{"text":"All","value":"$__all"},"datasource":"$cluster","definition":"","hide":0,"includeAll":true,"label":null,"multi":true,"name":"node","options":[],"query":"node","refresh":1,"regex":"","skipUrlSync":false,"sort":0,"tagValuesQuery":null,"tags":[],"tagsQuery":null,"type":"query","useTags":false},{"allValue":null,"current":{"text":"All","value":"$__all"},"datasource":"$cluster","definition":"","hide":0,"includeAll":true,"label":null,"multi":true,"name":"namespace","options":[],"query":"namespace","refresh":1,"regex":"","skipUrlSync":false,"sort":0,"tagValuesQuery":null,"tags":[],"tagsQuery":null,"type":"query","useTags":false},{"allValue":null,"current":{"text":"All","value":"$__all"},"datasource":"$cluster","definition":"","hide":0,"includeAll":true,"label":null,"multi":true,"name":"deployment","options":[],"query":"deployment $namespace","refresh":1,"regex":"","skipUrlSync":false,"sort":0,"tagValuesQuery":null,"tags":[],"tagsQuery":null,"type":"query","useTags":false}]},"time":{"from":"now-30m","to":"now"},"timepicker":{"refresh_intervals":["5s","10s","30s","1m","5m","15m","30m","1h","2h","1d"],"time_options":["5m","15m","1h","6h","12h","24h","2d","7d","30d"]},"timezone":"browser","title":"K8s Deployments","uid":"Yf1S2ZhZk","version":1}