{"annotations":{"list":[{"builtIn":1,"datasource":"-- Grafana --","enable":true,"hide":true,"iconColor":"rgba(0, 211, 255, 1)","name":"Annotations & Alerts","type":"dashboard"}]},"editable":true,"gnetId":470,"graphTooltip":1,"id":7,"iteration":1571709359374,"links":[{"asDropdown":true,"icon":"external link","includeVars":true,"tags":["kubernetes-app"],"title":"Dashboards","type":"dashboards"}],"panels":[{"collapsed":false,"gridPos":{"h":1,"w":24,"x":0,"y":0},"id":27,"panels":[],"repeat":null,"title":"","type":"row"},{"alerting":{},"aliasColors":{"steal":"#BF1B00"},"bars":false,"dashLength":10,"dashes":false,"datasource":"$datasource","editable":true,"error":false,"fill":5,"grid":{},"gridPos":{"h":7,"w":10,"x":0,"y":1},"id":1,"legend":{"alignAsTable":true,"avg":false,"current":true,"max":false,"min":false,"rightSide":true,"show":true,"total":false,"values":true},"lines":true,"linewidth":0,"links":[],"nullPointMode":"connected","percentage":false,"pointradius":5,"points":false,"renderer":"flot","seriesOverrides":[],"spaceLength":10,"stack":true,"steppedLine":false,"targets":[{"expr":"sum((avg(irate(node_cpu{nodename=~\"$node\", mode=\"system\"}[5m])) * 100))","format":"time_series","instant":false,"interval":"","intervalFactor":1,"legendFormat":"system","refId":"A"},{"expr":"sum((avg(irate(node_cpu{nodename=~\"$node\", mode=\"user\"}[5m])) * 100))","format":"time_series","intervalFactor":1,"legendFormat":"user","refId":"B"},{"expr":"sum((avg(irate(node_cpu{nodename=~\"$node\", mode=\"iowait\"}[5m])) * 100))","format":"time_series","intervalFactor":1,"legendFormat":"iowait","refId":"C"},{"expr":"sum((avg(irate(node_cpu{nodename=~\"$node\", mode=\"steal\"}[5m])) * 100))","format":"time_series","intervalFactor":1,"legendFormat":"steal","refId":"D"}],"thresholds":[],"timeFrom":null,"timeRegions":[],"timeShift":null,"title":"CPU %","tooltip":{"msResolution":false,"shared":true,"sort":0,"value_type":"individual"},"type":"graph","xaxis":{"buckets":null,"mode":"time","name":null,"show":true,"values":[]},"yaxes":[{"format":"percent","logBase":1,"max":"100","min":null,"show":true},{"format":"short","logBase":1,"max":null,"min":null,"show":true}],"yaxis":{"align":false,"alignLevel":null}},{"alerting":{},"aliasColors":{},"bars":false,"dashLength":10,"dashes":false,"datasource":"$datasource","editable":true,"error":false,"fill":1,"grid":{},"gridPos":{"h":7,"w":10,"x":10,"y":1},"id":10,"legend":{"alignAsTable":true,"avg":false,"current":true,"max":false,"min":false,"rightSide":true,"show":true,"total":false,"values":true},"lines":true,"linewidth":2,"links":[],"nullPointMode":"connected","percentage":false,"pointradius":5,"points":false,"renderer":"flot","seriesOverrides":[{"alias":"mem_available","stack":"B"}],"spaceLength":10,"stack":false,"steppedLine":false,"targets":[{"expr":"sum(node_memory_MemAvailable{nodename=~\"$node\"})","format":"time_series","interval":"","intervalFactor":1,"legendFormat":"available","refId":"A"},{"expr":"sum(node_memory_MemFree{nodename=~\"$node\"})","format":"time_series","intervalFactor":1,"legendFormat":"free","refId":"B"},{"expr":"sum(node_memory_Active{nodename=~\"$node\"})","format":"time_series","intervalFactor":1,"legendFormat":"active","refId":"C"}],"thresholds":[],"timeFrom":null,"timeRegions":[],"timeShift":null,"title":"Memory Available","tooltip":{"msResolution":true,"shared":true,"sort":0,"value_type":"individual"},"type":"graph","xaxis":{"buckets":null,"mode":"time","name":null,"show":true,"values":[]},"yaxes":[{"format":"bits","logBase":1,"max":null,"min":0,"show":true},{"format":"short","logBase":1,"max":null,"min":null,"show":true}],"yaxis":{"align":false,"alignLevel":null}},{"cacheTimeout":null,"colorBackground":true,"colorValue":false,"colors":["rgba(50, 172, 45, 0.97)","rgba(237, 129, 40, 0.89)","rgba(245, 54, 54, 0.9)"],"datasource":"$datasource","editable":true,"error":false,"format":"none","gauge":{"maxValue":100,"minValue":0,"show":false,"thresholdLabels":false,"thresholdMarkers":true},"gridPos":{"h":7,"w":4,"x":20,"y":1},"id":23,"interval":null,"links":[],"mappingType":1,"mappingTypes":[{"name":"value to text","value":1},{"name":"range to text","value":2}],"maxDataPoints":100,"nullPointMode":"connected","nullText":null,"postfix":"","postfixFontSize":"50%","prefix":"","prefixFontSize":"50%","rangeMaps":[{"from":"null","text":"N/A","to":"null"}],"sparkline":{"fillColor":"rgba(255, 255, 255, 0)","full":false,"lineColor":"rgb(255, 255, 255)","show":true},"tableColumn":"","targets":[{"expr":"avg(node_load1{nodename=~\"$node\"})","format":"time_series","intervalFactor":1,"refId":"A","textEditor":false}],"thresholds":"1,2","title":"Load per Node","type":"singlestat","valueFontSize":"200%","valueMaps":[{"op":"=","text":"N/A","value":"null"}],"valueName":"avg"},{"aliasColors":{},"bars":false,"dashLength":10,"dashes":false,"datasource":"$datasource","editable":true,"error":false,"fill":1,"gridPos":{"h":6,"w":24,"x":0,"y":8},"id":24,"legend":{"alignAsTable":true,"avg":false,"current":true,"max":false,"min":false,"rightSide":true,"show":true,"total":false,"values":true},"lines":true,"linewidth":1,"links":[],"nullPointMode":"connected","percentage":false,"pointradius":5,"points":false,"renderer":"flot","seriesOverrides":[],"spaceLength":10,"stack":false,"steppedLine":false,"targets":[{"expr":"sum(node_filesystem_avail{daemon=\"node-exporter\",device=\"rootfs\",fstype=\"rootfs\",mountpoint=\"/\",nodename=~\"$node\"})by (nodename)","format":"time_series","intervalFactor":1,"legendFormat":"-free","refId":"B"},{"expr":"sum (node_filesystem_size{daemon=\"node-exporter\",device=\"rootfs\",fstype=\"rootfs\",mountpoint=\"/\",nodename=~\"$node\"})  by (nodename) - sum(node_filesystem_avail{daemon=\"node-exporter\",device=\"rootfs\",fstype=\"rootfs\",mountpoint=\"/\",nodename=~\"$node\"})by (nodename)","format":"time_series","instant":false,"intervalFactor":1,"legendFormat":" -usage","refId":"A"}],"thresholds":[],"timeFrom":null,"timeRegions":[],"timeShift":null,"title":"Disk Usage and Capacity","tooltip":{"msResolution":false,"shared":true,"sort":0,"value_type":"individual"},"type":"graph","xaxis":{"buckets":null,"mode":"time","name":null,"show":true,"values":[]},"yaxes":[{"format":"bytes","label":null,"logBase":1,"max":null,"min":null,"show":true},{"format":"short","label":null,"logBase":1,"max":null,"min":null,"show":true}],"yaxis":{"align":false,"alignLevel":null}},{"alerting":{},"aliasColors":{},"bars":false,"dashLength":10,"dashes":false,"datasource":"$datasource","editable":true,"error":false,"fill":1,"grid":{},"gridPos":{"h":6,"w":12,"x":0,"y":14},"id":8,"legend":{"avg":false,"current":false,"max":false,"min":false,"show":true,"total":false,"values":false},"lines":false,"linewidth":2,"links":[],"nullPointMode":"connected","percentage":false,"pointradius":1,"points":true,"renderer":"flot","seriesOverrides":[],"spaceLength":10,"stack":false,"steppedLine":false,"targets":[{"expr":"sum(rate(node_disk_bytes_read{nodename=~\"$node\"}[5m]))","format":"time_series","intervalFactor":1,"legendFormat":"Read","refId":"A"},{"expr":"sum(rate(node_disk_bytes_written{nodename=~\"$node\"}[5m]))","format":"time_series","intervalFactor":1,"legendFormat":"Write","refId":"B"}],"thresholds":[],"timeFrom":null,"timeRegions":[],"timeShift":null,"title":"Disk Throughput","tooltip":{"msResolution":false,"shared":true,"sort":0,"value_type":"cumulative"},"type":"graph","xaxis":{"buckets":null,"mode":"time","name":null,"show":true,"values":[]},"yaxes":[{"format":"Bps","logBase":1,"max":null,"min":null,"show":true},{"format":"short","logBase":1,"max":null,"min":null,"show":true}],"yaxis":{"align":false,"alignLevel":null}},{"alerting":{},"aliasColors":{},"bars":false,"dashLength":10,"dashes":false,"datasource":"$datasource","editable":true,"error":false,"fill":1,"grid":{},"gridPos":{"h":6,"w":12,"x":12,"y":14},"id":7,"legend":{"avg":false,"current":false,"max":false,"min":false,"show":true,"total":false,"values":false},"lines":false,"linewidth":2,"links":[],"nullPointMode":"connected","percentage":false,"pointradius":1,"points":true,"renderer":"flot","seriesOverrides":[],"spaceLength":10,"stack":false,"steppedLine":false,"targets":[{"expr":"sum(rate(node_disk_reads_completed{nodename=~\"$node\"}[5m]))","format":"time_series","intervalFactor":1,"legendFormat":"Reads","refId":"A"},{"expr":"sum(rate(node_disk_writes_completed{nodename=~\"$node\"}[5m]))","format":"time_series","intervalFactor":1,"legendFormat":"Writes","refId":"B"}],"thresholds":[],"timeFrom":null,"timeRegions":[],"timeShift":null,"title":"Disk IOPS","tooltip":{"msResolution":false,"shared":true,"sort":0,"value_type":"cumulative"},"type":"graph","xaxis":{"buckets":null,"mode":"time","name":null,"show":true,"values":[]},"yaxes":[{"format":"short","logBase":1,"max":null,"min":null,"show":true},{"format":"short","logBase":1,"max":null,"min":null,"show":true}],"yaxis":{"align":false,"alignLevel":null}},{"alerting":{},"aliasColors":{},"bars":false,"dashLength":10,"dashes":false,"datasource":"$datasource","editable":true,"error":false,"fill":1,"grid":{},"gridPos":{"h":5,"w":12,"x":0,"y":20},"id":9,"legend":{"avg":false,"current":false,"max":false,"min":false,"show":true,"total":false,"values":false},"lines":true,"linewidth":2,"links":[],"nullPointMode":"connected","percentage":false,"pointradius":5,"points":false,"renderer":"flot","seriesOverrides":[{"alias":"out","transform":"negative-Y"}],"spaceLength":10,"stack":false,"steppedLine":false,"targets":[{"expr":"sum(rate(node_network_receive_bytes{nodename=~\"$node\"}[5m]))","format":"time_series","intervalFactor":1,"legendFormat":"receive","refId":"A"},{"expr":"sum(rate(node_network_transmit_bytes{nodename=~\"$node\"}[5m]))","format":"time_series","intervalFactor":1,"legendFormat":"transmit","refId":"B"}],"thresholds":[],"timeFrom":null,"timeRegions":[],"timeShift":null,"title":"Network Traffic/sec","tooltip":{"msResolution":true,"shared":true,"sort":0,"value_type":"cumulative"},"type":"graph","xaxis":{"buckets":null,"mode":"time","name":null,"show":true,"values":[]},"yaxes":[{"format":"Bps","logBase":1,"max":null,"min":null,"show":true},{"format":"short","logBase":1,"max":null,"min":null,"show":true}],"yaxis":{"align":false,"alignLevel":null}},{"alerting":{},"aliasColors":{},"bars":false,"dashLength":10,"dashes":false,"datasource":"$datasource","editable":true,"error":false,"fill":1,"grid":{},"gridPos":{"h":5,"w":12,"x":12,"y":20},"id":18,"legend":{"avg":false,"current":false,"max":false,"min":false,"show":true,"total":false,"values":false},"lines":true,"linewidth":2,"links":[],"nullPointMode":"connected","percentage":false,"pointradius":5,"points":false,"renderer":"flot","seriesOverrides":[{"alias":"out","transform":"negative-Y"}],"spaceLength":10,"stack":false,"steppedLine":false,"targets":[{"expr":"sum(node_network_receive_errs{nodename=~\"$node\"})","format":"time_series","intervalFactor":1,"legendFormat":"receive","refId":"A"},{"expr":"sum(node_network_transmit_errs{nodename=~\"$node\"})","format":"time_series","intervalFactor":1,"legendFormat":"transmit","refId":"B"}],"thresholds":[],"timeFrom":null,"timeRegions":[],"timeShift":null,"title":"Network Errors/sec","tooltip":{"msResolution":true,"shared":true,"sort":0,"value_type":"cumulative"},"type":"graph","xaxis":{"buckets":null,"mode":"time","name":null,"show":true,"values":[]},"yaxes":[{"format":"none","logBase":1,"max":null,"min":null,"show":true},{"format":"short","logBase":1,"max":null,"min":null,"show":true}],"yaxis":{"align":false,"alignLevel":null}},{"alerting":{},"aliasColors":{},"bars":false,"dashLength":10,"dashes":false,"datasource":"$datasource","editable":true,"error":false,"fill":1,"grid":{},"gridPos":{"h":5,"w":24,"x":0,"y":25},"id":17,"legend":{"avg":false,"current":false,"max":false,"min":false,"show":true,"total":false,"values":false},"lines":true,"linewidth":2,"links":[],"nullPointMode":"connected","percentage":false,"pointradius":5,"points":false,"renderer":"flot","seriesOverrides":[{"alias":"out","transform":"negative-Y"}],"spaceLength":10,"stack":false,"steppedLine":false,"targets":[{"expr":"sum(rate(node_network_receive_packets{nodename=~\"$node\"}[5m]))","format":"time_series","intervalFactor":1,"legendFormat":"receive","refId":"A"},{"expr":"sum(rate(node_network_transmit_packets{nodename=~\"$node\"}[5m]))","format":"time_series","intervalFactor":1,"legendFormat":"transmit","refId":"B"}],"thresholds":[],"timeFrom":null,"timeRegions":[],"timeShift":null,"title":"Network Packets/sec","tooltip":{"msResolution":true,"shared":true,"sort":0,"value_type":"cumulative"},"type":"graph","xaxis":{"buckets":null,"mode":"time","name":null,"show":true,"values":[]},"yaxes":[{"format":"pps","logBase":1,"max":null,"min":null,"show":true},{"format":"short","logBase":1,"max":null,"min":null,"show":false}],"yaxis":{"align":false,"alignLevel":null}},{"collapsed":false,"gridPos":{"h":1,"w":24,"x":0,"y":30},"id":26,"panels":[],"repeat":null,"title":"Filter by Node","type":"row"},{"gridPos":{"h":10,"w":24,"x":0,"y":31},"id":25,"links":[],"title":"","transparent":true,"type":"prometheus-kubernetes-nodeinfo-panel"}],"refresh":false,"schemaVersion":16,"style":"dark","tags":["kubernetes","kubernetes-app"],"templating":{"list":[{"current":{"text":"生产k8s","value":"生产k8s"},"hide":0,"label":null,"name":"cluster","options":[],"query":"grafana-kubernetes-datasource","refresh":1,"regex":"","skipUrlSync":false,"type":"datasource"},{"allValue":null,"current":{"text":"Prometheus","value":"Prometheus"},"datasource":"$cluster","definition":"","hide":2,"includeAll":false,"label":"","multi":false,"name":"ds","options":[],"query":"datasource","refresh":1,"regex":"","skipUrlSync":false,"sort":0,"tagValuesQuery":"","tags":[],"tagsQuery":"","type":"query","useTags":false},{"current":{"text":"Prometheus","value":"Prometheus"},"hide":2,"label":"","name":"datasource","options":[],"query":"prometheus","refresh":1,"regex":"/$ds/","skipUrlSync":false,"type":"datasource"},{"allValue":null,"current":{"text":"All","value":"$__all"},"datasource":"$cluster","definition":"","hide":0,"includeAll":true,"label":null,"multi":true,"name":"node","options":[],"query":"node","refresh":1,"regex":"","skipUrlSync":false,"sort":0,"tagValuesQuery":null,"tags":[],"tagsQuery":null,"type":"query","useTags":false}]},"time":{"from":"now-30m","to":"now"},"timepicker":{"now":true,"refresh_intervals":["5s","10s","30s","1m","5m","15m","30m","1h","2h","1d"],"time_options":["5m","15m","1h","6h","12h","24h","2d","7d","30d"]},"timezone":"browser","title":"K8s Node","uid":"qG0ShWhWz","version":10}