{"annotations":{"list":[{"builtIn":1,"datasource":"-- Grafana --","enable":true,"hide":true,"iconColor":"rgba(0, 211, 255, 1)","name":"Annotations & Alerts","type":"dashboard"}]},"description":"Summary metrics about containers running on Kubernetes nodes.","editable":true,"gnetId":482,"graphTooltip":0,"id":2,"iteration":1571710124490,"links":[{"asDropdown":true,"icon":"external link","includeVars":true,"tags":["kubernetes-app"],"title":"Dashboards","type":"dashboards"}],"panels":[{"collapsed":false,"gridPos":{"h":1,"w":24,"x":0,"y":0},"id":11,"panels":[],"repeat":null,"title":"Pod Filtering","type":"row"},{"gridPos":{"h":10,"w":24,"x":0,"y":1},"id":9,"links":[],"options":{},"title":"","transparent":true,"type":"prometheus-kubernetes-podnav-panel"},{"alerting":{},"aliasColors":{},"bars":false,"dashLength":10,"dashes":false,"datasource":"$datasource","description":"Total memory usage of containers across a cluster","editable":true,"error":false,"fill":1,"fillGradient":0,"grid":{},"gridPos":{"h":6,"w":12,"x":0,"y":11},"id":1,"legend":{"alignAsTable":true,"avg":false,"current":true,"hideEmpty":true,"max":false,"min":false,"rightSide":true,"show":true,"sort":"current","sortDesc":true,"total":false,"values":true},"lines":true,"linewidth":2,"links":[],"nullPointMode":"connected","options":{"dataLinks":[]},"percentage":false,"pointradius":5,"points":false,"renderer":"flot","seriesOverrides":[],"spaceLength":10,"stack":false,"steppedLine":false,"targets":[{"expr":"sum(container_memory_usage_bytes{container_label_io_kubernetes_pod_name=~\"$pod\"}) by (container_label_io_kubernetes_pod_name)","format":"time_series","intervalFactor":1,"legendFormat":"","refId":"A"}],"thresholds":[],"timeFrom":null,"timeRegions":[],"timeShift":null,"title":"Total Memory Usage","tooltip":{"msResolution":false,"shared":true,"sort":0,"value_type":"individual"},"type":"graph","xaxis":{"buckets":null,"mode":"time","name":null,"show":true,"values":[]},"yaxes":[{"format":"bytes","label":null,"logBase":1,"max":null,"min":null,"show":true},{"format":"short","label":null,"logBase":1,"max":null,"min":null,"show":true}],"yaxis":{"align":false,"alignLevel":null}},{"alerting":{},"aliasColors":{},"bars":false,"dashLength":10,"dashes":false,"datasource":"$datasource","editable":true,"error":false,"fill":1,"fillGradient":0,"grid":{},"gridPos":{"h":6,"w":12,"x":12,"y":11},"id":6,"legend":{"alignAsTable":true,"avg":false,"current":true,"hideEmpty":true,"hideZero":false,"max":false,"min":false,"rightSide":true,"show":true,"sort":"current","sortDesc":true,"total":false,"values":true},"lines":true,"linewidth":2,"links":[],"nullPointMode":"connected","options":{"dataLinks":[]},"percentage":false,"pointradius":5,"points":false,"renderer":"flot","seriesOverrides":[],"spaceLength":10,"stack":true,"steppedLine":false,"targets":[{"expr":"sum(irate(container_cpu_usage_seconds_total{container_label_io_kubernetes_pod_name=~\"$pod\"}[2m])) by (container_label_io_kubernetes_pod_name)","format":"time_series","intervalFactor":1,"legendFormat":"","refId":"A"}],"thresholds":[],"timeFrom":null,"timeRegions":[],"timeShift":null,"title":"CPU Usage","tooltip":{"msResolution":false,"shared":true,"sort":2,"value_type":"individual"},"type":"graph","xaxis":{"buckets":null,"mode":"time","name":null,"show":true,"values":[]},"yaxes":[{"format":"s","label":null,"logBase":1,"max":null,"min":null,"show":true},{"format":"short","label":null,"logBase":1,"max":null,"min":null,"show":true}],"yaxis":{"align":false,"alignLevel":null}},{"alerting":{},"aliasColors":{},"bars":false,"dashLength":10,"dashes":false,"datasource":"$datasource","editable":true,"error":false,"fill":1,"fillGradient":0,"grid":{},"gridPos":{"h":6,"w":12,"x":0,"y":17},"id":2,"legend":{"alignAsTable":true,"avg":false,"current":true,"hideEmpty":true,"max":false,"min":false,"rightSide":true,"show":true,"sort":"current","sortDesc":true,"total":false,"values":true},"lines":true,"linewidth":2,"links":[],"nullPointMode":"connected","options":{"dataLinks":[]},"percentage":false,"pointradius":5,"points":false,"renderer":"flot","seriesOverrides":[],"spaceLength":10,"stack":true,"steppedLine":false,"targets":[{"expr":"rate(container_network_transmit_bytes_total{container_label_io_kubernetes_pod_name=~\"$pod\", kubernetes_io_hostname=~\"$node\"}[2m])","format":"time_series","interval":"","intervalFactor":1,"legendFormat":"","refId":"A"}],"thresholds":[],"timeFrom":null,"timeRegions":[],"timeShift":null,"title":"Network Traffic (Inbound)","tooltip":{"msResolution":false,"shared":true,"sort":2,"value_type":"individual"},"type":"graph","xaxis":{"buckets":null,"mode":"time","name":null,"show":true,"values":[]},"yaxes":[{"format":"Bps","label":null,"logBase":1,"max":null,"min":null,"show":true},{"format":"short","label":null,"logBase":1,"max":null,"min":null,"show":true}],"yaxis":{"align":false,"alignLevel":null}},{"alerting":{},"aliasColors":{},"bars":false,"dashLength":10,"dashes":false,"datasource":"$datasource","editable":true,"error":false,"fill":1,"fillGradient":0,"grid":{},"gridPos":{"h":6,"w":12,"x":12,"y":17},"id":8,"legend":{"alignAsTable":true,"avg":false,"current":true,"hideEmpty":true,"max":false,"min":false,"rightSide":true,"show":true,"sort":"current","sortDesc":true,"total":false,"values":true},"lines":true,"linewidth":2,"links":[],"nullPointMode":"connected","options":{"dataLinks":[]},"percentage":false,"pointradius":5,"points":false,"renderer":"flot","seriesOverrides":[],"spaceLength":10,"stack":true,"steppedLine":false,"targets":[{"expr":"rate(container_network_receive_bytes_total{container_label_io_kubernetes_pod_name=~\"$pod\", kubernetes_io_hostname=~\"$node\"}[2m])","format":"time_series","intervalFactor":1,"legendFormat":"","refId":"A"}],"thresholds":[],"timeFrom":null,"timeRegions":[],"timeShift":null,"title":"Network Traffic (Outbound)","tooltip":{"msResolution":false,"shared":true,"sort":2,"value_type":"individual"},"type":"graph","xaxis":{"buckets":null,"mode":"time","name":null,"show":true,"values":[]},"yaxes":[{"format":"bps","label":null,"logBase":1,"max":null,"min":null,"show":true},{"format":"short","label":null,"logBase":1,"max":null,"min":null,"show":true}],"yaxis":{"align":false,"alignLevel":null}},{"alerting":{},"aliasColors":{},"bars":false,"dashLength":10,"dashes":false,"datasource":"$datasource","editable":true,"error":false,"fill":1,"fillGradient":0,"grid":{},"gridPos":{"h":6,"w":12,"x":0,"y":23},"id":4,"legend":{"alignAsTable":true,"avg":false,"current":true,"hideEmpty":true,"hideZero":false,"max":false,"min":false,"rightSide":true,"show":true,"sort":null,"sortDesc":null,"total":false,"values":true},"lines":false,"linewidth":2,"links":[],"nullPointMode":"connected","options":{"dataLinks":[]},"percentage":false,"pointradius":2,"points":true,"renderer":"flot","seriesOverrides":[],"spaceLength":10,"stack":false,"steppedLine":false,"targets":[{"expr":"rate(container_fs_io_time_seconds_total{container_label_io_kubernetes_pod_name=~\"$pod\"}[2m])","format":"time_series","intervalFactor":1,"legendFormat":"","refId":"A"}],"thresholds":[],"timeFrom":null,"timeRegions":[],"timeShift":null,"title":"Read IOPS","tooltip":{"msResolution":false,"shared":true,"sort":0,"value_type":"individual"},"type":"graph","xaxis":{"buckets":null,"mode":"time","name":null,"show":true,"values":[]},"yaxes":[{"format":"rps","label":null,"logBase":1,"max":null,"min":null,"show":true},{"format":"short","label":null,"logBase":1,"max":null,"min":null,"show":true}],"yaxis":{"align":false,"alignLevel":null}},{"alerting":{},"aliasColors":{},"bars":false,"dashLength":10,"dashes":false,"datasource":"$datasource","editable":true,"error":false,"fill":1,"fillGradient":0,"grid":{},"gridPos":{"h":6,"w":12,"x":12,"y":23},"id":5,"legend":{"alignAsTable":true,"avg":false,"current":true,"hideEmpty":true,"max":false,"min":false,"rightSide":true,"show":true,"total":false,"values":true},"lines":false,"linewidth":2,"links":[],"nullPointMode":"connected","options":{"dataLinks":[]},"percentage":false,"pointradius":2,"points":true,"renderer":"flot","seriesOverrides":[],"spaceLength":10,"stack":false,"steppedLine":false,"targets":[{"expr":"rate(container_fs_write_seconds_total{container_label_io_kubernetes_pod_name=~\"$pod\"}[2m])","format":"time_series","intervalFactor":1,"legendFormat":"","refId":"A"}],"thresholds":[],"timeFrom":null,"timeRegions":[],"timeShift":null,"title":"Write IOPS","tooltip":{"msResolution":false,"shared":true,"sort":0,"value_type":"individual"},"type":"graph","xaxis":{"buckets":null,"mode":"time","name":null,"show":true,"values":[]},"yaxes":[{"format":"wps","label":null,"logBase":1,"max":null,"min":"0","show":true},{"format":"short","label":null,"logBase":1,"max":null,"min":null,"show":true}],"yaxis":{"align":false,"alignLevel":null}}],"schemaVersion":16,"style":"dark","tags":["kubernetes","kubernetes-app"],"templating":{"list":[{"current":{"text":"myk8s","value":"myk8s"},"hide":0,"includeAll":false,"label":null,"multi":false,"name":"cluster","options":[],"query":"grafana-kubernetes-datasource","refresh":1,"regex":"","skipUrlSync":false,"type":"datasource"},{"allValue":null,"current":{"text":"Prometheus","value":"Prometheus"},"datasource":"$cluster","definition":"","hide":2,"includeAll":false,"label":"","multi":false,"name":"ds","options":[],"query":"datasource","refresh":1,"regex":"","skipUrlSync":false,"sort":0,"tagValuesQuery":"","tags":[],"tagsQuery":"","type":"query","useTags":false},{"current":{"text":"Prometheus","value":"Prometheus"},"hide":2,"includeAll":false,"label":"","multi":false,"name":"datasource","options":[],"query":"prometheus","refresh":1,"regex":"/$ds/","skipUrlSync":false,"type":"datasource"},{"allValue":null,"current":{"text":"All","value":"$__all"},"datasource":"$cluster","definition":"","hide":0,"includeAll":true,"label":null,"multi":true,"name":"node","options":[],"query":"node","refresh":1,"regex":"","skipUrlSync":false,"sort":0,"tagValuesQuery":null,"tags":[],"tagsQuery":null,"type":"query","useTags":false},{"allValue":null,"current":{"text":"All","value":"$__all"},"datasource":"$cluster","definition":"","hide":0,"includeAll":true,"label":null,"multi":true,"name":"namespace","options":[],"query":"namespace","refresh":1,"regex":"","skipUrlSync":false,"sort":0,"tagValuesQuery":null,"tags":[],"tagsQuery":null,"type":"query","useTags":false},{"allValue":null,"current":{"text":"All","value":"$__all"},"datasource":"$cluster","definition":"","hide":2,"includeAll":true,"label":null,"multi":true,"name":"pod","options":[],"query":"pod $namespace","refresh":1,"regex":"","skipUrlSync":false,"sort":0,"tagValuesQuery":"","tags":[],"tagsQuery":"","type":"query","useTags":false}]},"time":{"from":"now-30m","to":"now"},"timepicker":{"refresh_intervals":["5s","10s","30s","1m","5m","15m","30m","1h","2h","1d"],"time_options":["5m","15m","1h","6h","12h","24h","2d","7d","30d"]},"timezone":"browser","title":"K8s Container","uid":"S-0ShWhZk","version":2}